,method,data_type,k_middle,k_top,graph_type,connect_type,stdev,modularity_mid,modularity_top,node_degree_within_middle,node_degree_between_middle,node_degree_within_top,node_degree_between_top
0,bethe_hessian,reg_balanced,14,7,small_world,full,01,0.5388648426096193,0.6790219628365262,196.2,8.99047619047619,857.0,27.3
1,silouette,reg_balanced,11,4,small_world,full,01,0.5388648426096193,0.6790219628365262,196.2,8.99047619047619,857.0,27.3
2,bethe_hessian,reg_balanced,13,7,small_world,full,01,0.5135356944037925,0.5757597070726274,197.66666666666666,9.980952380952381,790.8,55.35
3,silouette,reg_balanced,11,5,small_world,full,01,0.5135356944037925,0.5757597070726274,197.66666666666666,9.980952380952381,790.8,55.35
4,bethe_hessian,reg_balanced,13,7,small_world,full,01,0.480693207081568,0.4885448965464513,198.6,11.247619047619047,753.4,78.7
5,silouette,reg_balanced,10,5,small_world,full,01,0.480693207081568,0.4885448965464513,198.6,11.247619047619047,753.4,78.7
6,bethe_hessian,reg_balanced,10,5,small_world,full,01,0.3058485579976584,0.6261671507756759,195.73333333333332,23.004761904761907,1301.0,63.1
7,silouette,reg_balanced,19,12,small_world,full,01,0.3058485579976584,0.6261671507756759,195.73333333333332,23.004761904761907,1301.0,63.1
8,bethe_hessian,reg_balanced,10,5,small_world,full,01,0.3118528325222086,0.5548781482407488,193.53333333333333,22.19047619047619,1158.8,88.45
9,silouette,reg_balanced,17,5,small_world,full,01,0.3118528325222086,0.5548781482407488,193.53333333333333,22.19047619047619,1158.8,88.45
10,bethe_hessian,reg_balanced,12,6,small_world,full,01,0.3336606911822684,0.41919121747954113,195.53333333333333,19.82857142857143,903.6,128.95
11,silouette,reg_balanced,8,3,small_world,full,01,0.3336606911822684,0.41919121747954113,195.53333333333333,19.82857142857143,903.6,128.95
12,bethe_hessian,reg_balanced,12,6,small_world,full,01,0.41936266561860996,0.5448852268384334,197.93333333333334,14.347619047619048,905.0,72.85
13,silouette,reg_balanced,11,3,small_world,full,01,0.41936266561860996,0.5448852268384334,197.93333333333334,14.347619047619048,905.0,72.85
14,bethe_hessian,reg_balanced,11,6,small_world,full,01,0.3450157751047725,0.3973318960457858,196.93333333333334,19.49047619047619,845.4,141.0
15,silouette,reg_balanced,9,4,small_world,full,01,0.3450157751047725,0.3973318960457858,196.93333333333334,19.49047619047619,845.4,141.0
16,bethe_hessian,reg_balanced,11,6,small_world,full,01,0.3733381374783973,0.6280148420838061,195.46666666666667,17.19047619047619,1113.0,48.85
17,silouette,reg_balanced,10,5,small_world,full,01,0.3733381374783973,0.6280148420838061,195.46666666666667,17.19047619047619,1113.0,48.85
18,bethe_hessian,reg_balanced,12,6,small_world,full,01,0.4570610199533422,0.6470186467958661,195.4,12.423809523809524,950.4,39.4
19,silouette,reg_balanced,9,3,small_world,full,01,0.4570610199533422,0.6470186467958661,195.4,12.423809523809524,950.4,39.4
20,bethe_hessian,reg_balanced,12,6,small_world,full,01,0.4332104305772716,0.5879497913422513,192.93333333333334,13.585714285714285,913.2,59.05
21,silouette,reg_balanced,14,5,small_world,full,01,0.4332104305772716,0.5879497913422513,192.93333333333334,13.585714285714285,913.2,59.05
22,bethe_hessian,reg_balanced,9,5,small_world,full,01,0.2946919236731319,0.5358963237309793,192.53333333333333,23.97142857142857,1171.4,103.25
23,silouette,reg_balanced,15,9,small_world,full,01,0.2946919236731319,0.5358963237309793,192.53333333333333,23.97142857142857,1171.4,103.25
24,bethe_hessian,reg_balanced,12,6,small_world,full,01,0.41967568271147565,0.5571152665853111,197.8,14.528571428571428,918.8,71.2
25,silouette,reg_balanced,10,5,small_world,full,01,0.41967568271147565,0.5571152665853111,197.8,14.528571428571428,918.8,71.2
26,bethe_hessian,reg_balanced,13,7,small_world,full,01,0.4042341001805431,0.49164041761626304,195.8,14.914285714285715,866.8,86.75
27,silouette,reg_balanced,18,12,small_world,full,01,0.4042341001805431,0.49164041761626304,195.8,14.914285714285715,866.8,86.75
28,bethe_hessian,reg_balanced,14,7,small_world,full,01,0.5241750030370861,0.5667111096284675,198.86666666666667,9.49047619047619,770.0,56.3
29,silouette,reg_balanced,15,9,small_world,full,01,0.5241750030370861,0.5667111096284675,198.86666666666667,9.49047619047619,770.0,56.3
30,bethe_hessian,reg_balanced,14,7,small_world,full,01,0.5601265026011629,0.6874638349319117,197.06666666666666,8.280952380952382,839.6,24.85
31,silouette,reg_balanced,12,5,small_world,full,01,0.5601265026011629,0.6874638349319117,197.06666666666666,8.280952380952382,839.6,24.85
32,bethe_hessian,reg_balanced,11,6,small_world,full,01,0.340707617726796,0.4614134864074126,196.73333333333332,19.547619047619047,948.4,115.7
33,silouette,reg_balanced,10,3,small_world,full,01,0.340707617726796,0.4614134864074126,196.73333333333332,19.547619047619047,948.4,115.7
34,bethe_hessian,reg_balanced,11,6,small_world,full,01,0.37595366365388005,0.5585422959815006,197.4,17.152380952380952,1023.8,72.2
35,silouette,reg_balanced,13,4,small_world,full,01,0.37595366365388005,0.5585422959815006,197.4,17.152380952380952,1023.8,72.2
36,bethe_hessian,reg_balanced,13,7,small_world,full,01,0.5090547192429284,0.5388112685458127,197.33333333333334,10.2,762.4,64.5
37,silouette,reg_balanced,10,3,small_world,full,01,0.5090547192429284,0.5388112685458127,197.33333333333334,10.2,762.4,64.5
38,bethe_hessian,reg_balanced,12,6,small_world,full,01,0.38682989503032583,0.5907056270688674,197.13333333333333,16.604761904761904,1030.6,64.55
39,silouette,reg_balanced,11,5,small_world,full,01,0.38682989503032583,0.5907056270688674,197.13333333333333,16.604761904761904,1030.6,64.55
40,bethe_hessian,reg_balanced,13,7,small_world,full,01,0.5489311490114434,0.6767967737571133,197.8,8.709523809523809,846.4,28.2
41,silouette,reg_balanced,13,5,small_world,full,01,0.5489311490114434,0.6767967737571133,197.8,8.709523809523809,846.4,28.2
42,bethe_hessian,reg_balanced,13,7,small_world,full,01,0.405970268643529,0.5257998953056818,197.4,15.352380952380953,902.2,83.7
43,silouette,reg_balanced,9,4,small_world,full,01,0.405970268643529,0.5257998953056818,197.4,15.352380952380953,902.2,83.7
44,bethe_hessian,reg_balanced,10,5,small_world,full,01,0.31420530249256884,0.5012977616480674,196.13333333333333,21.66190476190476,1075.8,105.6
45,silouette,reg_balanced,11,4,small_world,full,01,0.31420530249256884,0.5012977616480674,196.13333333333333,21.66190476190476,1075.8,105.6
46,bethe_hessian,reg_balanced,10,5,small_world,full,01,0.3620821458613806,0.5714203929997635,194.53333333333333,18.266666666666666,1049.0,75.45
47,silouette,reg_balanced,22,12,small_world,full,01,0.3620821458613806,0.5714203929997635,194.53333333333333,18.266666666666666,1049.0,75.45
48,bethe_hessian,reg_balanced,12,6,small_world,full,01,0.4168911050758859,0.5082847004390043,194.53333333333333,14.371428571428572,854.6,83.15
49,silouette,reg_balanced,13,6,small_world,full,01,0.4168911050758859,0.5082847004390043,194.53333333333333,14.371428571428572,854.6,83.15
50,bethe_hessian,reg_balanced,12,6,small_world,full,05,0.4813995536064803,0.6038377626787578,197.6,11.461904761904762,865.2,52.25
51,silouette,reg_balanced,10,5,small_world,full,05,0.4813995536064803,0.6038377626787578,197.6,11.461904761904762,865.2,52.25
52,bethe_hessian,reg_balanced,12,6,small_world,full,05,0.4375860396230068,0.6254618149148886,195.73333333333332,13.461904761904762,966.0,46.65
53,silouette,reg_balanced,13,8,small_world,full,05,0.4375860396230068,0.6254618149148886,195.73333333333332,13.461904761904762,966.0,46.65
54,bethe_hessian,reg_balanced,10,5,small_world,full,05,0.28580271561986287,0.3836916208528999,196.13333333333333,24.176190476190477,988.4,153.85
55,silouette,reg_balanced,22,13,small_world,full,05,0.28580271561986287,0.3836916208528999,196.13333333333333,24.176190476190477,988.4,153.85
56,bethe_hessian,reg_balanced,7,4,small_world,full,05,0.11155338323091267,0.1524491888980558,195.86666666666667,54.695238095238096,1104.8,445.0
57,silouette,reg_balanced,21,10,small_world,full,05,0.11155338323091267,0.1524491888980558,195.86666666666667,54.695238095238096,1104.8,445.0
58,bethe_hessian,reg_balanced,10,5,small_world,full,05,0.2894745599205195,0.414385565254621,198.6,24.804761904761904,1029.2,152.1
59,silouette,reg_balanced,16,7,small_world,full,05,0.2894745599205195,0.414385565254621,198.6,24.804761904761904,1029.2,152.1
60,bethe_hessian,reg_balanced,11,6,small_world,full,05,0.3394329247186996,0.4958989257633754,196.33333333333334,19.81904761904762,1009.4,103.0
61,silouette,reg_balanced,9,4,small_world,full,05,0.3394329247186996,0.4958989257633754,196.33333333333334,19.81904761904762,1009.4,103.0
62,bethe_hessian,reg_balanced,13,7,small_world,full,05,0.5099562750620527,0.5645552003295458,197.06666666666666,10.152380952380952,781.6,59.0
63,silouette,reg_balanced,18,9,small_world,full,05,0.5099562750620527,0.5645552003295458,197.06666666666666,10.152380952380952,781.6,59.0
64,bethe_hessian,reg_balanced,12,6,small_world,full,05,0.34490071706623615,0.428693313183665,196.86666666666667,18.995238095238093,902.4,121.5
65,silouette,reg_balanced,16,11,small_world,full,05,0.34490071706623615,0.428693313183665,196.86666666666667,18.995238095238093,902.4,121.5
66,bethe_hessian,reg_balanced,11,6,small_world,full,05,0.39862577912868913,0.5315198011858189,199.06666666666666,15.814285714285715,935.8,81.4
67,silouette,reg_balanced,18,13,small_world,full,05,0.39862577912868913,0.5315198011858189,199.06666666666666,15.814285714285715,935.8,81.4
68,bethe_hessian,reg_balanced,11,6,small_world,full,05,0.39561946638973544,0.4906639565205302,198.33333333333334,15.933333333333334,877.0,96.8
69,silouette,reg_balanced,15,8,small_world,full,05,0.39561946638973544,0.4906639565205302,198.33333333333334,15.933333333333334,877.0,96.8
70,bethe_hessian,reg_balanced,14,7,small_world,full,05,0.5283420002710012,0.6539662031363773,197.06666666666666,9.40952380952381,850.0,34.1
71,silouette,reg_balanced,26,5,small_world,full,05,0.5283420002710012,0.6539662031363773,197.06666666666666,9.40952380952381,850.0,34.1
72,bethe_hessian,reg_balanced,11,6,small_world,full,05,0.41252779348522256,0.6546933539976236,193.53333333333333,14.766666666666667,1037.0,40.95
73,silouette,reg_balanced,16,9,small_world,full,05,0.41252779348522256,0.6546933539976236,193.53333333333333,14.766666666666667,1037.0,40.95
74,bethe_hessian,reg_balanced,12,6,small_world,full,05,0.41696929651046966,0.5246809143427914,195.26666666666668,14.480952380952381,869.4,81.15
75,silouette,reg_balanced,15,10,small_world,full,05,0.41696929651046966,0.5246809143427914,195.26666666666668,14.480952380952381,869.4,81.15
76,bethe_hessian,reg_balanced,12,6,small_world,full,05,0.3891895307857528,0.5341785372487735,193.53333333333333,16.1,933.8,80.75
77,silouette,reg_balanced,15,9,small_world,full,05,0.3891895307857528,0.5341785372487735,193.53333333333333,16.1,933.8,80.75
78,bethe_hessian,reg_balanced,11,6,small_world,full,05,0.36794606520491957,0.5799557285130338,197.13333333333333,17.728571428571428,1048.0,72.0
79,silouette,reg_balanced,14,6,small_world,full,05,0.36794606520491957,0.5799557285130338,197.13333333333333,17.728571428571428,1048.0,72.0
80,bethe_hessian,reg_balanced,11,6,small_world,full,05,0.3102699352061522,0.3838838997629292,193.6,21.80952380952381,892.0,151.2
81,silouette,reg_balanced,16,10,small_world,full,05,0.3102699352061522,0.3838838997629292,193.6,21.80952380952381,892.0,151.2
82,bethe_hessian,reg_balanced,10,5,small_world,full,05,0.3404863372661255,0.49262649667446656,190.2,19.30952380952381,968.6,103.25
83,silouette,reg_balanced,19,12,small_world,full,05,0.3404863372661255,0.49262649667446656,190.2,19.30952380952381,968.6,103.25
84,bethe_hessian,reg_balanced,12,6,small_world,full,05,0.4184062607205254,0.5607946075536159,196.93333333333334,14.58095238095238,926.0,69.3
85,silouette,reg_balanced,22,16,small_world,full,05,0.4184062607205254,0.5607946075536159,196.93333333333334,14.58095238095238,926.0,69.3
86,bethe_hessian,reg_balanced,10,5,small_world,full,05,0.28667886405716436,0.4998823804782389,197.26666666666668,24.723809523809525,1168.6,115.4
87,silouette,reg_balanced,13,5,small_world,full,05,0.28667886405716436,0.4998823804782389,197.26666666666668,24.723809523809525,1168.6,115.4
88,bethe_hessian,reg_balanced,11,6,small_world,full,05,0.3973910943187895,0.6190406268111012,196.93333333333334,15.719047619047618,1050.6,50.1
89,silouette,reg_balanced,20,7,small_world,full,05,0.3973910943187895,0.6190406268111012,196.93333333333334,15.719047619047618,1050.6,50.1
90,bethe_hessian,reg_balanced,12,6,small_world,full,05,0.44318770824544024,0.5974760685543354,197.06666666666666,13.147619047619047,924.8,54.65
91,silouette,reg_balanced,16,9,small_world,full,05,0.44318770824544024,0.5974760685543354,197.06666666666666,13.147619047619047,924.8,54.65
92,bethe_hessian,reg_balanced,10,5,small_world,full,05,0.28744459088856966,0.39167501551458317,197.73333333333332,23.561904761904763,952.4,157.6
93,silouette,reg_balanced,15,9,small_world,full,05,0.28744459088856966,0.39167501551458317,197.73333333333332,23.561904761904763,952.4,157.6
94,bethe_hessian,reg_balanced,14,7,small_world,full,05,0.5131421233095883,0.6970372905191461,195.33333333333334,10.042857142857143,905.6,25.55
95,silouette,reg_balanced,14,6,small_world,full,05,0.5131421233095883,0.6970372905191461,195.33333333333334,10.042857142857143,905.6,25.55
96,bethe_hessian,reg_balanced,13,7,small_world,full,05,0.4779889929579784,0.6184815335941262,195.6,11.566666666666666,881.6,47.75
97,silouette,reg_balanced,12,5,small_world,full,05,0.4779889929579784,0.6184815335941262,195.6,11.566666666666666,881.6,47.75
98,bethe_hessian,reg_balanced,11,6,small_world,full,05,0.29843585073609247,0.4309173774020858,197.2,23.81904761904762,1012.0,145.0
99,silouette,reg_balanced,24,7,small_world,full,05,0.29843585073609247,0.4309173774020858,197.2,23.81904761904762,1012.0,145.0
100,bethe_hessian,reg_balanced,12,6,small_world,disc,01,0.5476321986314953,0.7975003164617812,199.0,8.847619047619048,968.6,0.0
101,silouette,reg_balanced,15,5,small_world,disc,01,0.5476321986314953,0.7975003164617812,199.0,8.847619047619048,968.6,0.0
102,bethe_hessian,reg_balanced,14,7,small_world,disc,01,0.6251366653232086,0.7924851356518912,199.06666666666666,6.214285714285714,858.2,0.0
103,silouette,reg_balanced,14,5,small_world,disc,01,0.6251366653232086,0.7924851356518912,199.06666666666666,6.214285714285714,858.2,0.0
104,bethe_hessian,reg_balanced,14,7,small_world,disc,01,0.5184589867750828,0.7934760843486794,198.4,9.947619047619048,1013.0,0.0
105,silouette,reg_balanced,17,5,small_world,disc,01,0.5184589867750828,0.7934760843486794,198.4,9.947619047619048,1013.0,0.0
106,bethe_hessian,reg_balanced,13,7,small_world,disc,01,0.5281783242216597,0.7907637498271889,198.6,9.495238095238095,994.2,0.1
107,silouette,reg_balanced,14,5,small_world,disc,01,0.5281783242216597,0.7907637498271889,198.6,9.495238095238095,994.2,0.1
108,bethe_hessian,reg_balanced,13,7,small_world,disc,01,0.5607307352043359,0.788277918487668,198.66666666666666,8.252380952380953,942.6,0.0
109,silouette,reg_balanced,12,6,small_world,disc,01,0.5607307352043359,0.788277918487668,198.66666666666666,8.252380952380953,942.6,0.0
110,bethe_hessian,reg_balanced,12,6,small_world,disc,01,0.47650738147368665,0.766621732464597,199.93333333333334,11.438095238095238,1080.2,0.0
111,silouette,reg_balanced,8,3,small_world,disc,01,0.47650738147368665,0.766621732464597,199.93333333333334,11.438095238095238,1080.2,0.0
112,bethe_hessian,reg_balanced,11,6,small_world,disc,01,0.4643661050125555,0.7852639031710164,198.26666666666668,12.161904761904761,1105.6,0.0
113,silouette,reg_balanced,21,9,small_world,disc,01,0.4643661050125555,0.7852639031710164,198.26666666666668,12.161904761904761,1105.6,0.0
114,bethe_hessian,reg_balanced,12,6,small_world,disc,01,0.5330726932596387,0.7954490894514088,197.33333333333334,9.252380952380953,980.6,0.0
115,silouette,reg_balanced,14,8,small_world,disc,01,0.5330726932596387,0.7954490894514088,197.33333333333334,9.252380952380953,980.6,0.0
116,bethe_hessian,reg_balanced,10,5,small_world,disc,01,0.44678740592455884,0.7892479262579672,198.66666666666666,13.185714285714285,1149.8,0.0
117,silouette,reg_balanced,13,5,small_world,disc,01,0.44678740592455884,0.7892479262579672,198.66666666666666,13.185714285714285,1149.8,0.0
118,bethe_hessian,reg_balanced,10,5,small_world,disc,01,0.39301513724658965,0.7887853926630229,198.66666666666666,16.404761904761905,1285.0,0.0
119,silouette,reg_balanced,14,5,small_world,disc,01,0.39301513724658965,0.7887853926630229,198.66666666666666,16.404761904761905,1285.0,0.0
120,bethe_hessian,reg_balanced,14,7,small_world,disc,01,0.629032951699627,0.796562030411225,199.33333333333334,6.171428571428572,857.2,0.0
121,silouette,reg_balanced,15,6,small_world,disc,01,0.629032951699627,0.796562030411225,199.33333333333334,6.171428571428572,857.2,0.0
122,bethe_hessian,reg_balanced,13,7,small_world,disc,01,0.5678298977765215,0.787013398216695,199.8,8.0,935.4,0.0
123,silouette,reg_balanced,13,7,small_world,disc,01,0.5678298977765215,0.787013398216695,199.8,8.0,935.4,0.0
124,bethe_hessian,reg_balanced,15,8,small_world,disc,01,0.6415505716581344,0.7962962581773677,197.93333333333334,5.776190476190476,836.4,0.0
125,silouette,reg_balanced,16,5,small_world,disc,01,0.6415505716581344,0.7962962581773677,197.93333333333334,5.776190476190476,836.4,0.0
126,bethe_hessian,reg_balanced,14,7,small_world,disc,01,0.5991793832583652,0.7982276484138797,198.73333333333332,7.066666666666666,893.0,0.0
127,silouette,reg_balanced,14,5,small_world,disc,01,0.5991793832583652,0.7982276484138797,198.73333333333332,7.066666666666666,893.0,0.0
128,bethe_hessian,reg_balanced,15,8,small_world,disc,01,0.6255218130742606,0.794324308170462,198.6,6.242857142857143,858.0,0.0
129,silouette,reg_balanced,15,5,small_world,disc,01,0.6255218130742606,0.794324308170462,198.6,6.242857142857143,858.0,0.0
130,bethe_hessian,reg_balanced,10,5,small_world,disc,01,0.40972232721928836,0.7785139510482673,197.2,15.023809523809524,1222.6,0.0
131,silouette,reg_balanced,10,5,small_world,disc,01,0.40972232721928836,0.7785139510482673,197.2,15.023809523809524,1222.6,0.0
132,bethe_hessian,reg_balanced,12,6,small_world,disc,01,0.4725283574033215,0.7885573722214988,199.6,11.947619047619048,1100.6,0.0
133,silouette,reg_balanced,12,5,small_world,disc,01,0.4725283574033215,0.7885573722214988,199.6,11.947619047619048,1100.6,0.0
134,bethe_hessian,reg_balanced,9,5,small_world,disc,01,0.4292177892359343,0.775669149824405,198.6,13.91904761904762,1180.4,0.0
135,silouette,reg_balanced,22,11,small_world,disc,01,0.4292177892359343,0.775669149824405,198.6,13.91904761904762,1180.4,0.0
136,bethe_hessian,reg_balanced,10,5,small_world,disc,01,0.38276926625034147,0.790442400049261,196.66666666666666,16.942857142857143,1301.6,0.0
137,silouette,reg_balanced,10,5,small_world,disc,01,0.38276926625034147,0.790442400049261,196.66666666666666,16.942857142857143,1301.6,0.0
138,bethe_hessian,reg_balanced,12,6,small_world,disc,01,0.4780651550327302,0.7948264827327832,199.2,11.733333333333333,1090.4,0.0
139,silouette,reg_balanced,12,5,small_world,disc,01,0.4780651550327302,0.7948264827327832,199.2,11.733333333333333,1090.4,0.0
140,bethe_hessian,reg_balanced,11,6,small_world,disc,01,0.43308196400823823,0.7734970284504142,196.66666666666666,13.561904761904762,1159.6,0.0
141,silouette,reg_balanced,10,5,small_world,disc,01,0.43308196400823823,0.7734970284504142,196.66666666666666,13.561904761904762,1159.6,0.0
142,bethe_hessian,reg_balanced,10,5,small_world,disc,01,0.4210871902906913,0.7893258860370197,198.33333333333334,14.623809523809523,1209.2,0.0
143,silouette,reg_balanced,12,5,small_world,disc,01,0.4210871902906913,0.7893258860370197,198.33333333333334,14.623809523809523,1209.2,0.0
144,bethe_hessian,reg_balanced,12,6,small_world,disc,01,0.5641456926987048,0.7934930122849124,198.73333333333332,8.166666666666666,939.2,0.0
145,silouette,reg_balanced,14,5,small_world,disc,01,0.5641456926987048,0.7934930122849124,198.73333333333332,8.166666666666666,939.2,0.0
146,bethe_hessian,reg_balanced,11,6,small_world,disc,01,0.48443628581437453,0.7840211750667743,198.8,11.40952380952381,1065.4,2.55
147,silouette,reg_balanced,11,5,small_world,disc,01,0.48443628581437453,0.7840211750667743,198.8,11.40952380952381,1065.4,2.55
148,bethe_hessian,reg_balanced,10,5,small_world,disc,01,0.43385937806054337,0.7856108944320327,199.0,13.82857142857143,1177.8,0.0
149,silouette,reg_balanced,11,5,small_world,disc,01,0.43385937806054337,0.7856108944320327,199.0,13.82857142857143,1177.8,0.0
150,bethe_hessian,reg_balanced,12,6,small_world,disc,05,0.4597713834567884,0.7839034178153214,199.33333333333334,12.49047619047619,1122.6,0.0
151,silouette,reg_balanced,18,10,small_world,disc,05,0.4597713834567884,0.7839034178153214,199.33333333333334,12.49047619047619,1122.6,0.0
152,bethe_hessian,reg_balanced,12,6,small_world,disc,05,0.5120816381902409,0.7946579734125175,199.0,10.2,1025.4,0.0
153,silouette,reg_balanced,13,5,small_world,disc,05,0.5120816381902409,0.7946579734125175,199.0,10.2,1025.4,0.0
154,bethe_hessian,reg_balanced,12,6,small_world,disc,05,0.5583174882942549,0.7961265110648226,198.26666666666668,8.40952380952381,948.0,0.0
155,silouette,reg_balanced,14,5,small_world,disc,05,0.5583174882942549,0.7961265110648226,198.26666666666668,8.40952380952381,948.0,0.0
156,bethe_hessian,reg_balanced,15,8,small_world,disc,05,0.6375566161043054,0.7950732123208687,199.86666666666667,5.928571428571429,848.6,0.0
157,silouette,reg_balanced,15,8,small_world,disc,05,0.6375566161043054,0.7950732123208687,199.86666666666667,5.928571428571429,848.6,0.0
158,bethe_hessian,reg_balanced,11,6,small_world,disc,05,0.42095832737358585,0.7696694534099772,199.8,14.371428571428572,1203.0,0.0
159,silouette,reg_balanced,11,5,small_world,disc,05,0.42095832737358585,0.7696694534099772,199.8,14.371428571428572,1203.0,0.0
160,bethe_hessian,reg_balanced,11,6,small_world,disc,05,0.4739336050689169,0.7831511701516695,198.06666666666666,11.68095238095238,1084.8,0.0
161,silouette,reg_balanced,21,9,small_world,disc,05,0.4739336050689169,0.7831511701516695,198.06666666666666,11.68095238095238,1084.8,0.0
162,bethe_hessian,reg_balanced,13,7,small_world,disc,05,0.5132592036873495,0.7938996167999376,198.13333333333333,10.10952380952381,1019.0,0.0
163,silouette,reg_balanced,13,5,small_world,disc,05,0.5132592036873495,0.7938996167999376,198.13333333333333,10.10952380952381,1019.0,0.0
164,bethe_hessian,reg_balanced,13,7,small_world,disc,05,0.5530163818910734,0.795016981495422,198.4,8.59047619047619,956.0,0.0
165,silouette,reg_balanced,15,5,small_world,disc,05,0.5530163818910734,0.795016981495422,198.4,8.59047619047619,956.0,0.0
166,bethe_hessian,reg_balanced,11,6,small_world,disc,05,0.4454059536302042,0.782239339054872,199.33333333333334,13.209523809523809,1152.8,0.0
167,silouette,reg_balanced,11,5,small_world,disc,05,0.4454059536302042,0.782239339054872,199.33333333333334,13.209523809523809,1152.8,0.0
168,bethe_hessian,reg_balanced,12,6,small_world,disc,05,0.5062911670164009,0.7774584219942625,197.93333333333334,10.176190476190476,1021.2,0.0
169,silouette,reg_balanced,10,5,small_world,disc,05,0.5062911670164009,0.7774584219942625,197.93333333333334,10.176190476190476,1021.2,0.0
170,bethe_hessian,reg_balanced,11,6,small_world,disc,05,0.4321392125332501,0.7699675260644138,198.4,13.666666666666666,1169.0,0.05
171,silouette,reg_balanced,18,10,small_world,disc,05,0.4321392125332501,0.7699675260644138,198.4,13.666666666666666,1169.0,0.05
172,bethe_hessian,reg_balanced,11,6,small_world,disc,05,0.4306324779167981,0.7913518882518159,196.46666666666667,13.99047619047619,1177.0,0.0
173,silouette,reg_balanced,11,5,small_world,disc,05,0.4306324779167981,0.7913518882518159,196.46666666666667,13.99047619047619,1177.0,0.0
174,bethe_hessian,reg_balanced,13,7,small_world,disc,05,0.49616354795403145,0.7764960247641897,198.46666666666667,10.647619047619047,1042.6,0.0
175,silouette,reg_balanced,28,14,small_world,disc,05,0.49616354795403145,0.7764960247641897,198.46666666666667,10.647619047619047,1042.6,0.0
176,bethe_hessian,reg_balanced,12,6,small_world,disc,05,0.49649047986714073,0.7948025319037353,197.86666666666667,10.81904761904762,1048.0,0.0
177,silouette,reg_balanced,31,13,small_world,disc,05,0.49649047986714073,0.7948025319037353,197.86666666666667,10.81904761904762,1048.0,0.0
178,bethe_hessian,reg_balanced,11,6,small_world,disc,05,0.4825649482338396,0.7959343858910379,196.33333333333334,11.39047619047619,1067.4,0.0
179,silouette,reg_balanced,26,5,small_world,disc,05,0.4825649482338396,0.7959343858910379,196.33333333333334,11.39047619047619,1067.4,0.0
180,bethe_hessian,reg_balanced,12,6,small_world,disc,05,0.49310386189145294,0.7915520166232418,197.93333333333334,10.933333333333334,1053.0,0.0
181,silouette,reg_balanced,30,14,small_world,disc,05,0.49310386189145294,0.7915520166232418,197.93333333333334,10.933333333333334,1053.0,0.0
182,bethe_hessian,reg_balanced,13,7,small_world,disc,05,0.5148382567079419,0.7940898421923519,198.26666666666668,10.071428571428571,1017.8,0.0
183,silouette,reg_balanced,14,5,small_world,disc,05,0.5148382567079419,0.7940898421923519,198.26666666666668,10.071428571428571,1017.8,0.0
184,bethe_hessian,reg_balanced,12,6,small_world,disc,05,0.47235995275121184,0.786321660764214,199.6,11.9,1098.6,0.0
185,silouette,reg_balanced,13,6,small_world,disc,05,0.47235995275121184,0.786321660764214,199.6,11.9,1098.6,0.0
186,bethe_hessian,reg_balanced,12,6,small_world,disc,05,0.4965784495386287,0.7797220725562031,198.73333333333332,10.666666666666666,1044.2,0.0
187,silouette,reg_balanced,11,5,small_world,disc,05,0.4965784495386287,0.7797220725562031,198.73333333333332,10.666666666666666,1044.2,0.0
188,bethe_hessian,reg_balanced,9,5,small_world,disc,05,0.38992515577983117,0.7806025816845527,197.66666666666666,16.31904761904762,1278.4,0.0
189,silouette,reg_balanced,12,5,small_world,disc,05,0.38992515577983117,0.7806025816845527,197.66666666666666,16.31904761904762,1278.4,0.0
190,bethe_hessian,reg_balanced,12,6,small_world,disc,05,0.5073701837687531,0.7973058980613733,195.33333333333334,10.261904761904763,1017.0,0.0
191,silouette,reg_balanced,10,5,small_world,disc,05,0.5073701837687531,0.7973058980613733,195.33333333333334,10.261904761904763,1017.0,0.0
192,bethe_hessian,reg_balanced,12,6,small_world,disc,05,0.5609547093076117,0.7912585508166596,198.4,8.223809523809523,940.6,0.0
193,silouette,reg_balanced,21,12,small_world,disc,05,0.5609547093076117,0.7912585508166596,198.4,8.223809523809523,940.6,0.0
194,bethe_hessian,reg_balanced,12,6,small_world,disc,05,0.5206760236584144,0.7817065424350211,199.13333333333333,9.676190476190476,1003.8,0.0
195,silouette,reg_balanced,12,5,small_world,disc,05,0.5206760236584144,0.7817065424350211,199.13333333333333,9.676190476190476,1003.8,0.0
196,bethe_hessian,reg_balanced,11,6,small_world,disc,05,0.44586617841663745,0.7774407695856448,199.33333333333334,13.095238095238095,1147.4,0.15
197,silouette,reg_balanced,21,10,small_world,disc,05,0.44586617841663745,0.7774407695856448,199.33333333333334,13.095238095238095,1147.4,0.15
198,bethe_hessian,reg_balanced,11,6,small_world,disc,05,0.4275215974232872,0.7824686618065595,199.0,14.176190476190476,1192.4,0.0
199,silouette,reg_balanced,10,5,small_world,disc,05,0.4275215974232872,0.7824686618065595,199.0,14.176190476190476,1192.4,0.0
200,bethe_hessian,reg_balanced,11,6,scale_free,full,01,0.46849912313220476,0.5156883888265006,198.53333333333333,11.757142857142858,792.6,74.2
201,silouette,reg_balanced,9,3,scale_free,full,01,0.46849912313220476,0.5156883888265006,198.53333333333333,11.757142857142858,792.6,74.2
202,bethe_hessian,reg_balanced,13,7,scale_free,full,01,0.4614093954074383,0.4948723345114839,196.33333333333334,11.90952380952381,779.8,77.35
203,silouette,reg_balanced,11,4,scale_free,full,01,0.4614093954074383,0.4948723345114839,196.33333333333334,11.90952380952381,779.8,77.35
204,bethe_hessian,reg_balanced,13,7,scale_free,full,01,0.43063479897919643,0.440313169311944,196.0,12.728571428571428,764.8,89.45
205,silouette,reg_balanced,11,4,scale_free,full,01,0.43063479897919643,0.440313169311944,196.0,12.728571428571428,764.8,89.45
206,bethe_hessian,reg_balanced,12,6,scale_free,full,01,0.4512172226280334,0.46276138300462605,198.6,12.242857142857142,771.2,84.7
207,silouette,reg_balanced,12,4,scale_free,full,01,0.4512172226280334,0.46276138300462605,198.6,12.242857142857142,771.2,84.7
208,bethe_hessian,reg_balanced,11,6,scale_free,full,01,0.45984350852767153,0.4570567187404025,198.66666666666666,12.119047619047619,741.2,90.95
209,silouette,reg_balanced,10,5,scale_free,full,01,0.45984350852767153,0.4570567187404025,198.66666666666666,12.119047619047619,741.2,90.95
210,bethe_hessian,reg_balanced,12,6,scale_free,full,01,0.49563003573919534,0.5453899819753113,196.53333333333333,10.280952380952382,779.2,60.55
211,silouette,reg_balanced,12,5,scale_free,full,01,0.49563003573919534,0.5453899819753113,196.53333333333333,10.280952380952382,779.2,60.55
212,bethe_hessian,reg_balanced,13,7,scale_free,full,01,0.6389801978910957,0.7330030986335636,198.6,5.757142857142857,789.4,12.05
213,silouette,reg_balanced,13,5,scale_free,full,01,0.6389801978910957,0.7330030986335636,198.6,5.757142857142857,789.4,12.05
214,bethe_hessian,reg_balanced,15,8,scale_free,full,01,0.7283492432564552,0.7068578965068443,193.46666666666667,3.5476190476190474,661.6,16.95
215,silouette,reg_balanced,15,5,scale_free,full,01,0.7283492432564552,0.7068578965068443,193.46666666666667,3.5476190476190474,661.6,16.95
216,bethe_hessian,reg_balanced,12,6,scale_free,full,01,0.5078041980271134,0.48913480327827613,199.4,10.3,715.2,78.9
217,silouette,reg_balanced,11,3,scale_free,full,01,0.5078041980271134,0.48913480327827613,199.4,10.3,715.2,78.9
218,bethe_hessian,reg_balanced,13,7,scale_free,full,01,0.5819444436753584,0.5707972408952114,195.26666666666668,7.276190476190476,694.6,49.2
219,silouette,reg_balanced,12,5,scale_free,full,01,0.5819444436753584,0.5707972408952114,195.26666666666668,7.276190476190476,694.6,49.2
220,bethe_hessian,reg_balanced,13,7,scale_free,full,01,0.6155490045166726,0.7050267904435278,198.06666666666666,6.390476190476191,789.6,18.25
221,silouette,reg_balanced,13,6,scale_free,full,01,0.6155490045166726,0.7050267904435278,198.06666666666666,6.390476190476191,789.6,18.25
222,bethe_hessian,reg_balanced,14,7,scale_free,full,01,0.7199243092298648,0.7584091640771534,199.46666666666667,3.7523809523809524,731.6,6.1
223,silouette,reg_balanced,14,6,scale_free,full,01,0.7199243092298648,0.7584091640771534,199.46666666666667,3.7523809523809524,731.6,6.1
224,bethe_hessian,reg_balanced,14,7,scale_free,full,01,0.6657290143282739,0.6603921781488782,197.33333333333334,5.023809523809524,697.4,26.4
225,silouette,reg_balanced,15,5,scale_free,full,01,0.6657290143282739,0.6603921781488782,197.33333333333334,5.023809523809524,697.4,26.4
226,bethe_hessian,reg_balanced,15,8,scale_free,full,01,0.7023560611484899,0.6355922142759916,196.13333333333333,4.147619047619048,639.0,30.9
227,silouette,reg_balanced,15,7,scale_free,full,01,0.7023560611484899,0.6355922142759916,196.13333333333333,4.147619047619048,639.0,30.9
228,bethe_hessian,reg_balanced,12,6,scale_free,full,01,0.586009746675097,0.7229835169564043,197.33333333333334,7.266666666666667,836.4,15.2
229,silouette,reg_balanced,11,4,scale_free,full,01,0.586009746675097,0.7229835169564043,197.33333333333334,7.266666666666667,836.4,15.2
230,bethe_hessian,reg_balanced,14,7,scale_free,full,01,0.7036447239608794,0.6363755197887001,198.26666666666668,4.109523809523809,645.6,30.45
231,silouette,reg_balanced,14,3,scale_free,full,01,0.7036447239608794,0.6363755197887001,198.26666666666668,4.109523809523809,645.6,30.45
232,bethe_hessian,reg_balanced,12,6,scale_free,full,01,0.5151803107264319,0.6027583209722079,196.06666666666666,9.738095238095237,814.0,45.8
233,silouette,reg_balanced,12,5,scale_free,full,01,0.5151803107264319,0.6027583209722079,196.06666666666666,9.738095238095237,814.0,45.8
234,bethe_hessian,reg_balanced,13,7,scale_free,full,01,0.5220424025008852,0.5151969846861999,197.06666666666666,9.061904761904762,717.0,63.7
235,silouette,reg_balanced,12,7,scale_free,full,01,0.5220424025008852,0.5151969846861999,197.06666666666666,9.061904761904762,717.0,63.7
236,bethe_hessian,reg_balanced,13,7,scale_free,full,01,0.6004432573513006,0.56754025248935,197.33333333333334,6.809523809523809,675.8,50.55
237,silouette,reg_balanced,9,4,scale_free,full,01,0.6004432573513006,0.56754025248935,197.33333333333334,6.809523809523809,675.8,50.55
238,bethe_hessian,reg_balanced,13,7,scale_free,full,01,0.6388763114780481,0.631273670864751,198.93333333333334,5.723809523809524,709.4,31.95
239,silouette,reg_balanced,12,6,scale_free,full,01,0.6388763114780481,0.631273670864751,198.93333333333334,5.723809523809524,709.4,31.95
240,bethe_hessian,reg_balanced,14,7,scale_free,full,01,0.7246902459821944,0.641767870563071,197.46666666666667,3.6095238095238096,629.4,28.65
241,silouette,reg_balanced,14,6,scale_free,full,01,0.7246902459821944,0.641767870563071,197.46666666666667,3.6095238095238096,629.4,28.65
242,bethe_hessian,reg_balanced,13,7,scale_free,full,01,0.5945839449706125,0.6258144422034142,196.86666666666667,7.0,737.0,36.9
243,silouette,reg_balanced,15,6,scale_free,full,01,0.5945839449706125,0.6258144422034142,196.86666666666667,7.0,737.0,36.9
244,bethe_hessian,reg_balanced,11,6,scale_free,full,01,0.3576824129405244,0.31480233374005195,198.53333333333333,17.323809523809523,706.8,154.1
245,silouette,reg_balanced,12,5,scale_free,full,01,0.3576824129405244,0.31480233374005195,198.53333333333333,17.323809523809523,706.8,154.1
246,bethe_hessian,reg_balanced,12,6,scale_free,full,01,0.5785906600439567,0.5009374454416514,198.46666666666667,7.647619047619048,644.4,68.05
247,silouette,reg_balanced,12,3,scale_free,full,01,0.5785906600439567,0.5009374454416514,198.46666666666667,7.647619047619048,644.4,68.05
248,bethe_hessian,reg_balanced,13,7,scale_free,full,01,0.6235944403466448,0.6333253933008863,196.2,6.09047619047619,709.2,33.8
249,silouette,reg_balanced,12,4,scale_free,full,01,0.6235944403466448,0.6333253933008863,196.2,6.09047619047619,709.2,33.8
250,bethe_hessian,reg_balanced,15,8,scale_free,full,05,0.7907988270686858,0.6849395788263928,196.73333333333332,2.3285714285714287,609.0,19.75
251,silouette,reg_balanced,21,12,scale_free,full,05,0.7907988270686858,0.6849395788263928,196.73333333333332,2.3285714285714287,609.0,19.75
252,bethe_hessian,reg_balanced,12,6,scale_free,full,05,0.40444381988275135,0.36781099863522027,195.86666666666667,14.052380952380952,692.6,121.3
253,silouette,reg_balanced,13,8,scale_free,full,05,0.40444381988275135,0.36781099863522027,195.86666666666667,14.052380952380952,692.6,121.3
254,bethe_hessian,reg_balanced,13,7,scale_free,full,05,0.6122238592196205,0.5982562400235761,197.73333333333332,6.5095238095238095,694.6,43.0
255,silouette,reg_balanced,22,13,scale_free,full,05,0.6122238592196205,0.5982562400235761,197.73333333333332,6.5095238095238095,694.6,43.0
256,bethe_hessian,reg_balanced,14,7,scale_free,full,05,0.6911988259851957,0.5846941551082875,196.86666666666667,4.419047619047619,609.8,41.6
257,silouette,reg_balanced,18,13,scale_free,full,05,0.6911988259851957,0.5846941551082875,196.86666666666667,4.419047619047619,609.8,41.6
258,bethe_hessian,reg_balanced,13,7,scale_free,full,05,0.6418426518305272,0.6065950489165428,197.0,5.6380952380952385,672.8,38.75
259,silouette,reg_balanced,12,5,scale_free,full,05,0.6418426518305272,0.6065950489165428,197.0,5.6380952380952385,672.8,38.75
260,bethe_hessian,reg_balanced,12,6,scale_free,full,05,0.5517292062009194,0.5231213767895594,195.2,8.40952380952381,687.6,62.8
261,silouette,reg_balanced,16,10,scale_free,full,05,0.5517292062009194,0.5231213767895594,195.2,8.40952380952381,687.6,62.8
262,bethe_hessian,reg_balanced,13,7,scale_free,full,05,0.6084721843405768,0.5173050073194864,196.46666666666667,6.5095238095238095,621.2,60.4
263,silouette,reg_balanced,13,8,scale_free,full,05,0.6084721843405768,0.5173050073194864,196.46666666666667,6.5095238095238095,621.2,60.4
264,bethe_hessian,reg_balanced,13,7,scale_free,full,05,0.5573262165816798,0.45322438179732927,198.73333333333332,7.928571428571429,615.0,78.55
265,silouette,reg_balanced,12,7,scale_free,full,05,0.5573262165816798,0.45322438179732927,198.73333333333332,7.928571428571429,615.0,78.55
266,bethe_hessian,reg_balanced,14,7,scale_free,full,05,0.6962497217068645,0.5872016528925621,197.06666666666666,4.257142857142857,607.6,40.6
267,silouette,reg_balanced,14,9,scale_free,full,05,0.6962497217068645,0.5872016528925621,197.06666666666666,4.257142857142857,607.6,40.6
268,bethe_hessian,reg_balanced,13,7,scale_free,full,05,0.6332062037801612,0.5256120653650153,198.13333333333333,5.852380952380952,612.2,57.0
269,silouette,reg_balanced,14,5,scale_free,full,05,0.6332062037801612,0.5256120653650153,198.13333333333333,5.852380952380952,612.2,57.0
270,bethe_hessian,reg_balanced,14,7,scale_free,full,05,0.672767891424607,0.5872193869563856,193.2,4.747619047619048,616.0,40.75
271,silouette,reg_balanced,14,8,scale_free,full,05,0.672767891424607,0.5872193869563856,193.2,4.747619047619048,616.0,40.75
272,bethe_hessian,reg_balanced,13,7,scale_free,full,05,0.63680447845805,0.5293670918367347,198.46666666666667,5.8238095238095235,613.8,56.55
273,silouette,reg_balanced,12,6,scale_free,full,05,0.63680447845805,0.5293670918367347,198.46666666666667,5.8238095238095235,613.8,56.55
274,bethe_hessian,reg_balanced,11,6,scale_free,full,05,0.4566073626854388,0.44490094656311596,197.73333333333332,12.238095238095237,718.2,97.25
275,silouette,reg_balanced,22,13,scale_free,full,05,0.4566073626854388,0.44490094656311596,197.73333333333332,12.238095238095237,718.2,97.25
276,bethe_hessian,reg_balanced,10,5,scale_free,full,05,0.4272197009485025,0.34050067115596194,197.93333333333334,13.9,646.4,132.8
277,silouette,reg_balanced,17,9,scale_free,full,05,0.4272197009485025,0.34050067115596194,197.93333333333334,13.9,646.4,132.8
278,bethe_hessian,reg_balanced,13,7,scale_free,full,05,0.5506784607164431,0.4537722448043266,198.13333333333333,8.361904761904762,619.6,81.5
279,silouette,reg_balanced,12,4,scale_free,full,05,0.5506784607164431,0.4537722448043266,198.13333333333333,8.361904761904762,619.6,81.5
280,bethe_hessian,reg_balanced,13,7,scale_free,full,05,0.6043656982865211,0.5168482676713817,198.46666666666667,6.766666666666667,635.0,61.15
281,silouette,reg_balanced,15,7,scale_free,full,05,0.6043656982865211,0.5168482676713817,198.46666666666667,6.766666666666667,635.0,61.15
282,bethe_hessian,reg_balanced,15,8,scale_free,full,05,0.7656847063366482,0.6605570635745108,194.8,2.7904761904761903,604.2,24.35
283,silouette,reg_balanced,12,4,scale_free,full,05,0.7656847063366482,0.6605570635745108,194.8,2.7904761904761903,604.2,24.35
284,bethe_hessian,reg_balanced,10,5,scale_free,full,05,0.3517309011708334,0.38970606705837496,198.2,18.090476190476192,833.2,130.3
285,silouette,reg_balanced,13,8,scale_free,full,05,0.3517309011708334,0.38970606705837496,198.2,18.090476190476192,833.2,130.3
286,bethe_hessian,reg_balanced,14,7,scale_free,full,05,0.7139751340356825,0.7102916186151575,196.33333333333334,3.8523809523809525,688.2,15.65
287,silouette,reg_balanced,11,4,scale_free,full,05,0.7139751340356825,0.7102916186151575,196.33333333333334,3.8523809523809525,688.2,15.65
288,bethe_hessian,reg_balanced,13,7,scale_free,full,05,0.6368979216265103,0.6080490528283053,199.2,5.761904761904762,684.8,38.7
289,silouette,reg_balanced,18,12,scale_free,full,05,0.6368979216265103,0.6080490528283053,199.2,5.761904761904762,684.8,38.7
290,bethe_hessian,reg_balanced,12,6,scale_free,full,05,0.5696787915967364,0.4545026802959046,198.06666666666666,7.880952380952381,610.0,78.8
291,silouette,reg_balanced,21,11,scale_free,full,05,0.5696787915967364,0.4545026802959046,198.06666666666666,7.880952380952381,610.0,78.8
292,bethe_hessian,reg_balanced,12,6,scale_free,full,05,0.5612035186320593,0.4536270512763378,198.8,8.119047619047619,614.4,80.75
293,silouette,reg_balanced,11,6,scale_free,full,05,0.5612035186320593,0.4536270512763378,198.8,8.119047619047619,614.4,80.75
294,bethe_hessian,reg_balanced,10,5,scale_free,full,05,0.45365273367341097,0.6431045540364246,195.53333333333333,12.423809523809524,955.4,38.25
295,silouette,reg_balanced,12,5,scale_free,full,05,0.45365273367341097,0.6431045540364246,195.53333333333333,12.423809523809524,955.4,38.25
296,bethe_hessian,reg_balanced,13,7,scale_free,full,05,0.6165934606364528,0.5798520090549413,197.06666666666666,6.395238095238096,678.0,45.45
297,silouette,reg_balanced,21,12,scale_free,full,05,0.6165934606364528,0.5798520090549413,197.06666666666666,6.395238095238096,678.0,45.45
298,bethe_hessian,reg_balanced,14,7,scale_free,full,05,0.6859194702309486,0.6773600863883026,196.73333333333332,4.523809523809524,688.4,22.95
299,silouette,reg_balanced,14,8,scale_free,full,05,0.6859194702309486,0.6773600863883026,196.73333333333332,4.523809523809524,688.4,22.95
300,bethe_hessian,reg_balanced,15,8,scale_free,disc,01,0.8374557800359769,0.7997708374231377,199.8,1.5095238095238095,662.8,0.0
301,silouette,reg_balanced,15,5,scale_free,disc,01,0.8374557800359769,0.7997708374231377,199.8,1.5095238095238095,662.8,0.0
302,bethe_hessian,reg_balanced,15,8,scale_free,disc,01,0.8194872748398841,0.7990737013474115,200.0,1.8238095238095238,676.6,0.0
303,silouette,reg_balanced,14,5,scale_free,disc,01,0.8194872748398841,0.7990737013474115,200.0,1.8238095238095238,676.6,0.0
304,bethe_hessian,reg_balanced,14,7,scale_free,disc,01,0.7788697879077771,0.7886972323146462,199.6,2.4904761904761905,703.4,0.0
305,silouette,reg_balanced,14,8,scale_free,disc,01,0.7788697879077771,0.7886972323146462,199.6,2.4904761904761905,703.4,0.0
306,bethe_hessian,reg_balanced,13,7,scale_free,disc,01,0.6647905580198211,0.7886783656863662,199.93333333333334,5.061904761904762,812.4,0.0
307,silouette,reg_balanced,33,13,scale_free,disc,01,0.6647905580198211,0.7886783656863662,199.93333333333334,5.061904761904762,812.4,0.0
308,bethe_hessian,reg_balanced,14,7,scale_free,disc,01,0.7351299853907961,0.7863101533966398,199.26666666666668,3.3857142857142857,740.0,0.0
309,silouette,reg_balanced,21,14,scale_free,disc,01,0.7351299853907961,0.7863101533966398,199.26666666666668,3.3857142857142857,740.0,0.0
310,bethe_hessian,reg_balanced,13,7,scale_free,disc,01,0.6689570255215449,0.7901617111015724,199.66666666666666,4.957142857142857,807.2,0.0
311,silouette,reg_balanced,13,6,scale_free,disc,01,0.6689570255215449,0.7901617111015724,199.66666666666666,4.957142857142857,807.2,0.0
312,bethe_hessian,reg_balanced,14,7,scale_free,disc,01,0.78216564110955,0.7889507614957297,200.0,2.433333333333333,702.0,0.05
313,silouette,reg_balanced,21,14,scale_free,disc,01,0.78216564110955,0.7889507614957297,200.0,2.433333333333333,702.0,0.05
314,bethe_hessian,reg_balanced,13,7,scale_free,disc,01,0.6849401698445762,0.7875098221438872,199.86666666666667,4.533333333333333,790.0,0.0
315,silouette,reg_balanced,13,4,scale_free,disc,01,0.6849401698445762,0.7875098221438872,199.86666666666667,4.533333333333333,790.0,0.0
316,bethe_hessian,reg_balanced,15,8,scale_free,disc,01,0.8975844002217698,0.799978398244299,199.86666666666667,0.5285714285714286,621.8,0.0
317,silouette,reg_balanced,15,8,scale_free,disc,01,0.8975844002217698,0.799978398244299,199.86666666666667,0.5285714285714286,621.8,0.0
318,bethe_hessian,reg_balanced,14,7,scale_free,disc,01,0.7654958130188132,0.791394000837365,199.86666666666667,2.780952380952381,716.0,0.1
319,silouette,reg_balanced,14,7,scale_free,disc,01,0.7654958130188132,0.791394000837365,199.86666666666667,2.780952380952381,716.0,0.1
320,bethe_hessian,reg_balanced,14,7,scale_free,disc,01,0.770932989570061,0.7905610505098559,199.8,2.6619047619047618,711.2,0.0
321,silouette,reg_balanced,14,4,scale_free,disc,01,0.770932989570061,0.7905610505098559,199.8,2.6619047619047618,711.2,0.0
322,bethe_hessian,reg_balanced,15,8,scale_free,disc,01,0.8862450130697533,0.7999013915775574,200.0,0.7047619047619048,629.6,0.0
323,silouette,reg_balanced,15,8,scale_free,disc,01,0.8862450130697533,0.7999013915775574,200.0,0.7047619047619048,629.6,0.0
324,bethe_hessian,reg_balanced,15,8,scale_free,disc,01,0.8679176038462014,0.7982892116354846,199.93333333333334,0.9904761904761905,641.0,0.1
325,silouette,reg_balanced,15,8,scale_free,disc,01,0.8679176038462014,0.7982892116354846,199.93333333333334,0.9904761904761905,641.0,0.1
326,bethe_hessian,reg_balanced,13,7,scale_free,disc,01,0.6963790509161278,0.7870813570718513,198.26666666666668,4.20952380952381,771.6,0.0
327,silouette,reg_balanced,13,3,scale_free,disc,01,0.6963790509161278,0.7870813570718513,198.26666666666668,4.20952380952381,771.6,0.0
328,bethe_hessian,reg_balanced,14,7,scale_free,disc,01,0.7676698909482127,0.79162157562717,200.0,2.738095238095238,714.8,0.05
329,silouette,reg_balanced,14,5,scale_free,disc,01,0.7676698909482127,0.79162157562717,200.0,2.738095238095238,714.8,0.05
330,bethe_hessian,reg_balanced,12,6,scale_free,disc,01,0.6204503273277587,0.7909718585053722,200.0,6.29047619047619,864.2,0.0
331,silouette,reg_balanced,21,12,scale_free,disc,01,0.6204503273277587,0.7909718585053722,200.0,6.29047619047619,864.2,0.0
332,bethe_hessian,reg_balanced,14,7,scale_free,disc,01,0.7803380439695249,0.7906267755681822,200.0,2.4761904761904763,704.0,0.0
333,silouette,reg_balanced,14,7,scale_free,disc,01,0.7803380439695249,0.7906267755681822,200.0,2.4761904761904763,704.0,0.0
334,bethe_hessian,reg_balanced,15,8,scale_free,disc,01,0.8668899938622351,0.7994770554070646,199.26666666666668,1.0095238095238095,640.0,0.05
335,silouette,reg_balanced,15,5,scale_free,disc,01,0.8668899938622351,0.7994770554070646,199.26666666666668,1.0095238095238095,640.0,0.05
336,bethe_hessian,reg_balanced,14,7,scale_free,disc,01,0.7611638888888891,0.7912288580246917,199.86666666666667,2.8666666666666667,720.0,0.0
337,silouette,reg_balanced,14,4,scale_free,disc,01,0.7611638888888891,0.7912288580246917,199.86666666666667,2.8666666666666667,720.0,0.0
338,bethe_hessian,reg_balanced,14,7,scale_free,disc,01,0.7793652078371702,0.7910509116588325,199.46666666666667,2.4904761904761905,703.0,0.0
339,silouette,reg_balanced,14,6,scale_free,disc,01,0.7793652078371702,0.7910509116588325,199.46666666666667,2.4904761904761905,703.0,0.0
340,bethe_hessian,reg_balanced,14,7,scale_free,disc,01,0.7657006972909128,0.7868994968319746,199.86666666666667,2.7523809523809524,715.0,0.05
341,silouette,reg_balanced,14,5,scale_free,disc,01,0.7657006972909128,0.7868994968319746,199.86666666666667,2.7523809523809524,715.0,0.05
342,bethe_hessian,reg_balanced,14,7,scale_free,disc,01,0.7608396798251773,0.7923510458005429,200.0,2.880952380952381,721.0,0.0
343,silouette,reg_balanced,14,5,scale_free,disc,01,0.7608396798251773,0.7923510458005429,200.0,2.880952380952381,721.0,0.0
344,bethe_hessian,reg_balanced,14,7,scale_free,disc,01,0.7677709177548996,0.7900729808792759,199.46666666666667,2.719047619047619,712.6,0.0
345,silouette,reg_balanced,14,6,scale_free,disc,01,0.7677709177548996,0.7900729808792759,199.46666666666667,2.719047619047619,712.6,0.0
346,bethe_hessian,reg_balanced,14,7,scale_free,disc,01,0.7619965911156572,0.7878288460115154,199.93333333333334,2.8333333333333335,718.8,0.0
347,silouette,reg_balanced,25,14,scale_free,disc,01,0.7619965911156572,0.7878288460115154,199.93333333333334,2.8333333333333335,718.8,0.0
348,bethe_hessian,reg_balanced,14,7,scale_free,disc,01,0.7876792237586402,0.7899806467051464,200.0,2.3285714285714287,697.8,0.0
349,silouette,reg_balanced,14,7,scale_free,disc,01,0.7876792237586402,0.7899806467051464,200.0,2.3285714285714287,697.8,0.0
350,bethe_hessian,reg_balanced,15,8,scale_free,disc,05,0.86013961177213,0.7997348988457011,199.73333333333332,1.1238095238095238,646.4,0.0
351,silouette,reg_balanced,13,5,scale_free,disc,05,0.86013961177213,0.7997348988457011,199.73333333333332,1.1238095238095238,646.4,0.0
352,bethe_hessian,reg_balanced,13,7,scale_free,disc,05,0.6966002548533797,0.7877678071221658,199.53333333333333,4.238095238095238,776.6,0.0
353,silouette,reg_balanced,24,13,scale_free,disc,05,0.6966002548533797,0.7877678071221658,199.53333333333333,4.238095238095238,776.6,0.0
354,bethe_hessian,reg_balanced,15,8,scale_free,disc,05,0.8817851443161734,0.7994403669761567,199.73333333333332,0.7714285714285715,631.6,0.0
355,silouette,reg_balanced,21,13,scale_free,disc,05,0.8817851443161734,0.7994403669761567,199.73333333333332,0.7714285714285715,631.6,0.0
356,bethe_hessian,reg_balanced,14,7,scale_free,disc,05,0.7868494960469745,0.7892731814156055,199.73333333333332,2.3380952380952382,697.4,0.0
357,silouette,reg_balanced,14,8,scale_free,disc,05,0.7868494960469745,0.7892731814156055,199.73333333333332,2.3380952380952382,697.4,0.0
358,bethe_hessian,reg_balanced,15,8,scale_free,disc,05,0.9066300032456942,0.7998887613120048,199.66666666666666,0.3904761904761905,615.4,0.0
359,silouette,reg_balanced,21,14,scale_free,disc,05,0.9066300032456942,0.7998887613120048,199.66666666666666,0.3904761904761905,615.4,0.0
360,bethe_hessian,reg_balanced,14,7,scale_free,disc,05,0.7948038273914931,0.7896910605098734,200.0,2.1904761904761907,691.8,0.05
361,silouette,reg_balanced,13,8,scale_free,disc,05,0.7948038273914931,0.7896910605098734,200.0,2.1904761904761907,691.8,0.05
362,bethe_hessian,reg_balanced,15,8,scale_free,disc,05,0.9089080309339678,0.7999589662238089,200.0,0.35714285714285715,615.0,0.0
363,silouette,reg_balanced,14,6,scale_free,disc,05,0.9089080309339678,0.7999589662238089,200.0,0.35714285714285715,615.0,0.0
364,bethe_hessian,reg_balanced,15,8,scale_free,disc,05,0.8886507836312155,0.7999587765923184,198.4,0.6619047619047619,623.0,0.0
365,silouette,reg_balanced,30,14,scale_free,disc,05,0.8886507836312155,0.7999587765923184,198.4,0.6619047619047619,623.0,0.0
366,bethe_hessian,reg_balanced,14,7,scale_free,disc,05,0.7646700995925757,0.7886528245066458,199.33333333333334,2.7714285714285714,714.2,0.05
367,silouette,reg_balanced,30,14,scale_free,disc,05,0.7646700995925757,0.7886528245066458,199.33333333333334,2.7714285714285714,714.2,0.05
368,bethe_hessian,reg_balanced,15,8,scale_free,disc,05,0.8664863723327391,0.7998291467380806,199.53333333333333,1.019047619047619,641.4,0.0
369,silouette,reg_balanced,14,5,scale_free,disc,05,0.8664863723327391,0.7998291467380806,199.53333333333333,1.019047619047619,641.4,0.0
370,bethe_hessian,reg_balanced,14,7,scale_free,disc,05,0.75992479763787,0.790327898180726,199.53333333333333,2.880952380952381,719.6,0.0
371,silouette,reg_balanced,26,13,scale_free,disc,05,0.75992479763787,0.790327898180726,199.53333333333333,2.880952380952381,719.6,0.0
372,bethe_hessian,reg_balanced,15,8,scale_free,disc,05,0.8997339229968784,0.7999273673257025,199.73333333333332,0.49523809523809526,620.0,0.0
373,silouette,reg_balanced,35,14,scale_free,disc,05,0.8997339229968784,0.7999273673257025,199.73333333333332,0.49523809523809526,620.0,0.0
374,bethe_hessian,reg_balanced,15,8,scale_free,disc,05,0.8895287448609686,0.7999731923203139,199.6,0.6523809523809524,626.2,0.0
375,silouette,reg_balanced,21,14,scale_free,disc,05,0.8895287448609686,0.7999731923203139,199.6,0.6523809523809524,626.2,0.0
376,bethe_hessian,reg_balanced,14,7,scale_free,disc,05,0.7702672115483377,0.7873367512255374,200.0,2.6619047619047618,711.8,0.0
377,silouette,reg_balanced,32,14,scale_free,disc,05,0.7702672115483377,0.7873367512255374,200.0,2.6619047619047618,711.8,0.0
378,bethe_hessian,reg_balanced,15,8,scale_free,disc,05,0.9012954428987311,0.7998695073746909,199.8,0.4714285714285714,619.2,0.0
379,silouette,reg_balanced,25,15,scale_free,disc,05,0.9012954428987311,0.7998695073746909,199.8,0.4714285714285714,619.2,0.0
380,bethe_hessian,reg_balanced,15,8,scale_free,disc,05,0.9034988636482649,0.7998778814633274,199.86666666666667,0.4380952380952381,618.0,0.0
381,silouette,reg_balanced,28,14,scale_free,disc,05,0.9034988636482649,0.7998778814633274,199.86666666666667,0.4380952380952381,618.0,0.0
382,bethe_hessian,reg_balanced,14,7,scale_free,disc,05,0.7709020290489561,0.7892902061314327,199.86666666666667,2.657142857142857,711.2,0.0
383,silouette,reg_balanced,30,13,scale_free,disc,05,0.7709020290489561,0.7892902061314327,199.86666666666667,2.657142857142857,711.2,0.0
384,bethe_hessian,reg_balanced,14,7,scale_free,disc,05,0.7820698702802367,0.7886413609592422,199.73333333333332,2.4285714285714284,701.2,0.0
385,silouette,reg_balanced,18,13,scale_free,disc,05,0.7820698702802367,0.7886413609592422,199.73333333333332,2.4285714285714284,701.2,0.0
386,bethe_hessian,reg_balanced,12,6,scale_free,disc,05,0.6212575338407429,0.7892205616630504,199.6,6.238095238095238,860.8,0.0
387,silouette,reg_balanced,11,6,scale_free,disc,05,0.6212575338407429,0.7892205616630504,199.6,6.238095238095238,860.8,0.0
388,bethe_hessian,reg_balanced,14,7,scale_free,disc,05,0.7265379240660885,0.7819267582391886,199.26666666666668,3.5476190476190474,746.8,0.0
389,silouette,reg_balanced,13,5,scale_free,disc,05,0.7265379240660885,0.7819267582391886,199.26666666666668,3.5476190476190474,746.8,0.0
390,bethe_hessian,reg_balanced,15,8,scale_free,disc,05,0.8738817897983525,0.7992996667387808,199.86666666666667,0.8952380952380953,637.2,0.0
391,silouette,reg_balanced,14,8,scale_free,disc,05,0.8738817897983525,0.7992996667387808,199.86666666666667,0.8952380952380953,637.2,0.0
392,bethe_hessian,reg_balanced,15,8,scale_free,disc,05,0.8872729418602836,0.7999181080469857,199.13333333333333,0.6857142857142857,626.2,0.0
393,silouette,reg_balanced,32,15,scale_free,disc,05,0.8872729418602836,0.7999181080469857,199.13333333333333,0.6857142857142857,626.2,0.0
394,bethe_hessian,reg_balanced,15,8,scale_free,disc,05,0.8894545723647275,0.7998505649746345,199.53333333333333,0.6523809523809524,626.0,0.0
395,silouette,reg_balanced,10,5,scale_free,disc,05,0.8894545723647275,0.7998505649746345,199.53333333333333,0.6523809523809524,626.0,0.0
396,bethe_hessian,reg_balanced,15,8,scale_free,disc,05,0.9051090873049977,0.7999677634948649,200.0,0.4142857142857143,617.4,0.0
397,silouette,reg_balanced,14,7,scale_free,disc,05,0.9051090873049977,0.7999677634948649,200.0,0.4142857142857143,617.4,0.0
398,bethe_hessian,reg_balanced,15,8,scale_free,disc,05,0.8867288733822872,0.79979289220658,199.6,0.6952380952380952,628.0,0.0
399,silouette,reg_balanced,15,9,scale_free,disc,05,0.8867288733822872,0.79979289220658,199.6,0.6952380952380952,628.0,0.0
400,bethe_hessian,reg_balanced,13,7,random_graph,full,01,0.5573243859167439,0.4280916779604305,175.0,7.319047619047619,532.0,75.1
401,silouette,reg_balanced,12,3,random_graph,full,01,0.5573243859167439,0.4280916779604305,175.0,7.319047619047619,532.0,75.1
402,bethe_hessian,reg_balanced,15,8,random_graph,full,01,0.7591947457118929,0.6519094612338584,171.6,2.552380952380952,531.2,22.7
403,silouette,reg_balanced,13,5,random_graph,full,01,0.7591947457118929,0.6519094612338584,171.6,2.552380952380952,531.2,22.7
404,bethe_hessian,reg_balanced,14,7,random_graph,full,01,0.579704894251993,0.48488972418658755,171.73333333333332,6.333333333333333,535.4,61.45
405,silouette,reg_balanced,15,7,random_graph,full,01,0.579704894251993,0.48488972418658755,171.73333333333332,6.333333333333333,535.4,61.45
406,bethe_hessian,reg_balanced,11,6,random_graph,full,01,0.48803779307942674,0.4746668772579251,173.66666666666666,9.561904761904762,626.6,74.0
407,silouette,reg_balanced,16,9,random_graph,full,01,0.48803779307942674,0.4746668772579251,173.66666666666666,9.561904761904762,626.6,74.0
408,bethe_hessian,reg_balanced,13,7,random_graph,full,01,0.6221033093335193,0.6017283717847677,170.4,5.223809523809524,595.2,33.85
409,silouette,reg_balanced,12,4,random_graph,full,01,0.6221033093335193,0.6017283717847677,170.4,5.223809523809524,595.2,33.85
410,bethe_hessian,reg_balanced,12,6,random_graph,full,01,0.48415125739644965,0.3842685504784864,177.06666666666666,9.638095238095238,550.0,96.5
411,silouette,reg_balanced,11,4,random_graph,full,01,0.48415125739644965,0.3842685504784864,177.06666666666666,9.638095238095238,550.0,96.5
412,bethe_hessian,reg_balanced,12,6,random_graph,full,01,0.32709670669847046,0.3504468442592992,171.66666666666666,16.614285714285714,718.2,123.65
413,silouette,reg_balanced,14,5,random_graph,full,01,0.32709670669847046,0.3504468442592992,171.66666666666666,16.614285714285714,718.2,123.65
414,bethe_hessian,reg_balanced,12,6,random_graph,full,01,0.5289668362826004,0.42777642580626557,174.6,8.247619047619047,547.6,80.65
415,silouette,reg_balanced,12,5,random_graph,full,01,0.5289668362826004,0.42777642580626557,174.6,8.247619047619047,547.6,80.65
416,bethe_hessian,reg_balanced,13,7,random_graph,full,01,0.5482598457553247,0.5223049585407686,174.2,7.328571428571428,613.6,54.2
417,silouette,reg_balanced,10,5,random_graph,full,01,0.5482598457553247,0.5223049585407686,174.2,7.328571428571428,613.6,54.2
418,bethe_hessian,reg_balanced,12,6,random_graph,full,01,0.4708897841796327,0.46965403337777983,174.6,10.219047619047618,653.4,74.9
419,silouette,reg_balanced,16,5,random_graph,full,01,0.4708897841796327,0.46965403337777983,174.6,10.219047619047618,653.4,74.9
420,bethe_hessian,reg_balanced,13,7,random_graph,full,01,0.47756719513070955,0.47994463246911806,175.2,9.961904761904762,665.2,69.7
421,silouette,reg_balanced,9,4,random_graph,full,01,0.47756719513070955,0.47994463246911806,175.2,9.961904761904762,665.2,69.7
422,bethe_hessian,reg_balanced,13,7,random_graph,full,01,0.38446203208971086,0.4052043447517935,172.2,13.285714285714286,701.8,93.2
423,silouette,reg_balanced,10,3,random_graph,full,01,0.38446203208971086,0.4052043447517935,172.2,13.285714285714286,701.8,93.2
424,bethe_hessian,reg_balanced,14,7,random_graph,full,01,0.5949809373101241,0.6281438415159346,172.66666666666666,6.095238095238095,650.6,30.85
425,silouette,reg_balanced,10,5,random_graph,full,01,0.5949809373101241,0.6281438415159346,172.66666666666666,6.095238095238095,650.6,30.85
426,bethe_hessian,reg_balanced,11,6,random_graph,full,01,0.46791924473571045,0.5148712423534276,176.4,10.290476190476191,698.6,65.7
427,silouette,reg_balanced,21,10,random_graph,full,01,0.46791924473571045,0.5148712423534276,176.4,10.290476190476191,698.6,65.7
428,bethe_hessian,reg_balanced,14,7,random_graph,full,01,0.6712183929317688,0.6289489286656819,171.73333333333332,4.166666666666667,578.0,28.05
429,silouette,reg_balanced,21,10,random_graph,full,01,0.6712183929317688,0.6289489286656819,171.73333333333332,4.166666666666667,578.0,28.05
430,bethe_hessian,reg_balanced,12,6,random_graph,full,01,0.5656741789565515,0.6113080508880444,175.66666666666666,7.114285714285714,677.0,37.2
431,silouette,reg_balanced,11,5,random_graph,full,01,0.5656741789565515,0.6113080508880444,175.66666666666666,7.114285714285714,677.0,37.2
432,bethe_hessian,reg_balanced,14,7,random_graph,full,01,0.6024112402307484,0.6095947705863722,173.26666666666668,5.8428571428571425,632.6,33.15
433,silouette,reg_balanced,12,7,random_graph,full,01,0.6024112402307484,0.6095947705863722,173.26666666666668,5.8428571428571425,632.6,33.15
434,bethe_hessian,reg_balanced,13,7,random_graph,full,01,0.534210208653076,0.5350243242718732,175.13333333333333,7.9714285714285715,645.4,53.7
435,silouette,reg_balanced,12,4,random_graph,full,01,0.534210208653076,0.5350243242718732,175.13333333333333,7.9714285714285715,645.4,53.7
436,bethe_hessian,reg_balanced,13,7,random_graph,full,01,0.6083441014720651,0.5153640159691334,175.06666666666666,5.8619047619047615,552.6,54.7
437,silouette,reg_balanced,12,4,random_graph,full,01,0.6083441014720651,0.5153640159691334,175.06666666666666,5.8619047619047615,552.6,54.7
438,bethe_hessian,reg_balanced,13,7,random_graph,full,01,0.6073642761042664,0.5200035319967303,172.46666666666667,5.690476190476191,551.8,51.15
439,silouette,reg_balanced,12,7,random_graph,full,01,0.6073642761042664,0.5200035319967303,172.46666666666667,5.690476190476191,551.8,51.15
440,bethe_hessian,reg_balanced,15,8,random_graph,full,01,0.7208692837465565,0.6329053259871441,173.8,3.3,551.2,27.2
441,silouette,reg_balanced,18,9,random_graph,full,01,0.7208692837465565,0.6329053259871441,173.8,3.3,551.2,27.2
442,bethe_hessian,reg_balanced,13,7,random_graph,full,01,0.648190586341997,0.5514128131232766,170.26666666666668,4.642857142857143,532.6,43.3
443,silouette,reg_balanced,12,4,random_graph,full,01,0.648190586341997,0.5514128131232766,170.26666666666668,4.642857142857143,532.6,43.3
444,bethe_hessian,reg_balanced,14,7,random_graph,full,01,0.6376242195629552,0.5473143210197711,176.93333333333334,5.076190476190476,558.6,46.35
445,silouette,reg_balanced,10,4,random_graph,full,01,0.6376242195629552,0.5473143210197711,176.93333333333334,5.076190476190476,558.6,46.35
446,bethe_hessian,reg_balanced,13,7,random_graph,full,01,0.688995865761189,0.6742627028728746,175.8,4.0,610.6,21.2
447,silouette,reg_balanced,10,5,random_graph,full,01,0.688995865761189,0.6742627028728746,175.8,4.0,610.6,21.2
448,bethe_hessian,reg_balanced,12,6,random_graph,full,01,0.5918145377673628,0.6126413219847077,172.8,6.171428571428572,641.8,33.95
449,silouette,reg_balanced,8,3,random_graph,full,01,0.5918145377673628,0.6126413219847077,172.8,6.171428571428572,641.8,33.95
450,bethe_hessian,reg_balanced,13,7,random_graph,full,05,0.6057371561031512,0.5887563559446217,172.53333333333333,5.595238095238095,606.4,36.55
451,silouette,reg_balanced,12,5,random_graph,full,05,0.6057371561031512,0.5887563559446217,172.53333333333333,5.595238095238095,606.4,36.55
452,bethe_hessian,reg_balanced,13,7,random_graph,full,05,0.6562001850310765,0.6505100016229092,171.53333333333333,4.480952380952381,605.4,24.35
453,silouette,reg_balanced,21,3,random_graph,full,05,0.6562001850310765,0.6505100016229092,171.53333333333333,4.480952380952381,605.4,24.35
454,bethe_hessian,reg_balanced,15,8,random_graph,full,05,0.7816444819661763,0.7315891857934493,174.46666666666667,2.1857142857142855,575.0,10.05
455,silouette,reg_balanced,10,5,random_graph,full,05,0.7816444819661763,0.7315891857934493,174.46666666666667,2.1857142857142855,575.0,10.05
456,bethe_hessian,reg_balanced,15,8,random_graph,full,05,0.8144039069232979,0.7231189313415688,173.86666666666667,1.6285714285714286,546.6,10.85
457,silouette,reg_balanced,10,4,random_graph,full,05,0.8144039069232979,0.7231189313415688,173.86666666666667,1.6285714285714286,546.6,10.85
458,bethe_hessian,reg_balanced,13,7,random_graph,full,05,0.6190604452616355,0.6130492518937867,173.0,5.428571428571429,613.2,33.45
459,silouette,reg_balanced,10,4,random_graph,full,05,0.6190604452616355,0.6130492518937867,173.0,5.428571428571429,613.2,33.45
460,bethe_hessian,reg_balanced,15,8,random_graph,full,05,0.7252998388396746,0.6712425634652401,176.06666666666666,3.261904761904762,581.8,20.85
461,silouette,reg_balanced,26,8,random_graph,full,05,0.7252998388396746,0.6712425634652401,176.06666666666666,3.261904761904762,581.8,20.85
462,bethe_hessian,reg_balanced,15,8,random_graph,full,05,0.7554509509103888,0.6651107987044536,172.46666666666667,2.604761904761905,544.0,20.7
463,silouette,reg_balanced,21,3,random_graph,full,05,0.7554509509103888,0.6651107987044536,172.46666666666667,2.604761904761905,544.0,20.7
464,bethe_hessian,reg_balanced,14,7,random_graph,full,05,0.6565864016593785,0.6575008370776331,175.33333333333334,4.614285714285714,628.6,22.8
465,silouette,reg_balanced,20,5,random_graph,full,05,0.6565864016593785,0.6575008370776331,175.33333333333334,4.614285714285714,628.6,22.8
466,bethe_hessian,reg_balanced,14,7,random_graph,full,05,0.6594948160862297,0.6520609910449914,175.4,4.5476190476190474,623.0,23.55
467,silouette,reg_balanced,17,3,random_graph,full,05,0.6594948160862297,0.6520609910449914,175.4,4.5476190476190474,623.0,23.55
468,bethe_hessian,reg_balanced,15,8,random_graph,full,05,0.7785012102855859,0.6703933304853555,174.6,2.2285714285714286,538.0,19.85
469,silouette,reg_balanced,9,4,random_graph,full,05,0.7785012102855859,0.6703933304853555,174.6,2.2285714285714286,538.0,19.85
470,bethe_hessian,reg_balanced,14,7,random_graph,full,05,0.717900964598068,0.6908429887053698,173.4,3.204761904761905,594.8,15.0
471,silouette,reg_balanced,10,5,random_graph,full,05,0.717900964598068,0.6908429887053698,173.4,3.204761904761905,594.8,15.0
472,bethe_hessian,reg_balanced,13,7,random_graph,full,05,0.5745266665997398,0.5337396369632631,175.2,6.257142857142857,607.6,45.2
473,silouette,reg_balanced,10,3,random_graph,full,05,0.5745266665997398,0.5337396369632631,175.2,6.257142857142857,607.6,45.2
474,bethe_hessian,reg_balanced,14,7,random_graph,full,05,0.7379213747791981,0.6933869661403609,173.13333333333333,2.9285714285714284,577.6,16.2
475,silouette,reg_balanced,10,3,random_graph,full,05,0.7379213747791981,0.6933869661403609,173.13333333333333,2.9285714285714284,577.6,16.2
476,bethe_hessian,reg_balanced,15,8,random_graph,full,05,0.7160999892201282,0.6198903944895874,174.93333333333334,3.419047619047619,549.4,29.75
477,silouette,reg_balanced,11,4,random_graph,full,05,0.7160999892201282,0.6198903944895874,174.93333333333334,3.419047619047619,549.4,29.75
478,bethe_hessian,reg_balanced,15,8,random_graph,full,05,0.6671626016511901,0.6520521260101206,174.6,4.428571428571429,607.0,25.7
479,silouette,reg_balanced,12,6,random_graph,full,05,0.6671626016511901,0.6520521260101206,174.6,4.428571428571429,607.0,25.7
480,bethe_hessian,reg_balanced,14,7,random_graph,full,05,0.6142220946676037,0.580817718894872,173.06666666666666,5.366666666666666,601.6,35.75
481,silouette,reg_balanced,10,3,random_graph,full,05,0.6142220946676037,0.580817718894872,173.06666666666666,5.366666666666666,601.6,35.75
482,bethe_hessian,reg_balanced,15,8,random_graph,full,05,0.7327992421223144,0.6596936246779058,173.93333333333334,3.0714285714285716,562.6,22.05
483,silouette,reg_balanced,9,3,random_graph,full,05,0.7327992421223144,0.6596936246779058,173.93333333333334,3.0714285714285716,562.6,22.05
484,bethe_hessian,reg_balanced,12,6,random_graph,full,05,0.5241128949137978,0.6117584366031312,175.06666666666666,8.31904761904762,729.4,36.3
485,silouette,reg_balanced,9,3,random_graph,full,05,0.5241128949137978,0.6117584366031312,175.06666666666666,8.31904761904762,729.4,36.3
486,bethe_hessian,reg_balanced,12,6,random_graph,full,05,0.5775285839445624,0.5644066358092633,176.46666666666667,6.652380952380953,625.4,45.85
487,silouette,reg_balanced,11,5,random_graph,full,05,0.5775285839445624,0.5644066358092633,176.46666666666667,6.652380952380953,625.4,45.85
488,bethe_hessian,reg_balanced,15,8,random_graph,full,05,0.8268829176514642,0.7284116204712111,174.8,1.4523809523809523,545.4,10.0
489,silouette,reg_balanced,8,3,random_graph,full,05,0.8268829176514642,0.7284116204712111,174.8,1.4523809523809523,545.4,10.0
490,bethe_hessian,reg_balanced,13,7,random_graph,full,05,0.5828010590047781,0.6384018076322784,177.93333333333334,6.738095238095238,689.0,31.95
491,silouette,reg_balanced,8,3,random_graph,full,05,0.5828010590047781,0.6384018076322784,177.93333333333334,6.738095238095238,689.0,31.95
492,bethe_hessian,reg_balanced,14,7,random_graph,full,05,0.7208843207778529,0.6041510206588726,175.0,3.2857142857142856,533.4,32.4
493,silouette,reg_balanced,10,3,random_graph,full,05,0.7208843207778529,0.6041510206588726,175.0,3.2857142857142856,533.4,32.4
494,bethe_hessian,reg_balanced,14,7,random_graph,full,05,0.7076793088751144,0.6383377243392322,175.13333333333333,3.557142857142857,566.4,27.1
495,silouette,reg_balanced,12,6,random_graph,full,05,0.7076793088751144,0.6383377243392322,175.13333333333333,3.557142857142857,566.4,27.1
496,bethe_hessian,reg_balanced,13,7,random_graph,full,05,0.598160739178201,0.5548001992343274,170.4,5.785714285714286,590.0,41.05
497,silouette,reg_balanced,12,4,random_graph,full,05,0.598160739178201,0.5548001992343274,170.4,5.785714285714286,590.0,41.05
498,bethe_hessian,reg_balanced,15,8,random_graph,full,05,0.8051346291786464,0.693045010064283,173.66666666666666,1.7714285714285714,533.0,15.6
499,silouette,reg_balanced,12,5,random_graph,full,05,0.8051346291786464,0.693045010064283,173.66666666666666,1.7714285714285714,533.0,15.6
500,bethe_hessian,reg_balanced,14,7,random_graph,disc,01,0.7491869442937144,0.7853986110766303,175.0,2.6714285714285713,637.2,0.0
501,silouette,reg_balanced,8,3,random_graph,disc,01,0.7491869442937144,0.7853986110766303,175.0,2.6714285714285713,637.2,0.0
502,bethe_hessian,reg_balanced,15,8,random_graph,disc,01,0.8813230826531327,0.7964704132148259,173.2,0.6476190476190476,546.8,0.0
503,silouette,reg_balanced,25,16,random_graph,disc,01,0.8813230826531327,0.7964704132148259,173.2,0.6476190476190476,546.8,0.0
504,bethe_hessian,reg_balanced,15,8,random_graph,disc,01,0.8579499446619071,0.794940668775121,174.0,0.9714285714285714,562.8,0.0
505,silouette,reg_balanced,15,9,random_graph,disc,01,0.8579499446619071,0.794940668775121,174.0,0.9714285714285714,562.8,0.0
506,bethe_hessian,reg_balanced,15,8,random_graph,disc,01,0.7978575907173071,0.7864457906492144,173.86666666666667,1.8476190476190477,599.2,0.0
507,silouette,reg_balanced,14,5,random_graph,disc,01,0.7978575907173071,0.7864457906492144,173.86666666666667,1.8476190476190477,599.2,0.0
508,bethe_hessian,reg_balanced,13,7,random_graph,disc,01,0.6656155531030796,0.7768634431864696,173.66666666666666,4.266666666666667,700.2,0.0
509,silouette,reg_balanced,13,7,random_graph,disc,01,0.6656155531030796,0.7768634431864696,173.66666666666666,4.266666666666667,700.2,0.0
510,bethe_hessian,reg_balanced,14,7,random_graph,disc,01,0.7477952542360745,0.7831931626502036,174.06666666666666,2.6666666666666665,634.2,0.0
511,silouette,reg_balanced,14,5,random_graph,disc,01,0.7477952542360745,0.7831931626502036,174.06666666666666,2.6666666666666665,634.2,0.0
512,bethe_hessian,reg_balanced,15,8,random_graph,disc,01,0.8033256722092891,0.792670967787268,175.93333333333334,1.8047619047619048,603.6,0.0
513,silouette,reg_balanced,13,6,random_graph,disc,01,0.8033256722092891,0.792670967787268,175.93333333333334,1.8047619047619048,603.6,0.0
514,bethe_hessian,reg_balanced,14,7,random_graph,disc,01,0.797332040161191,0.7846399562871392,175.86666666666667,1.8428571428571427,605.0,0.0
515,silouette,reg_balanced,14,9,random_graph,disc,01,0.797332040161191,0.7846399562871392,175.86666666666667,1.8428571428571427,605.0,0.0
516,bethe_hessian,reg_balanced,15,8,random_graph,disc,01,0.8903219614107558,0.797270467256121,173.6,0.5285714285714286,543.0,0.0
517,silouette,reg_balanced,15,5,random_graph,disc,01,0.8903219614107558,0.797270467256121,173.6,0.5285714285714286,543.0,0.0
518,bethe_hessian,reg_balanced,15,8,random_graph,disc,01,0.8802419956659067,0.7975499029865587,174.2,0.6714285714285714,550.8,0.0
519,silouette,reg_balanced,11,5,random_graph,disc,01,0.8802419956659067,0.7975499029865587,174.2,0.6714285714285714,550.8,0.0
520,bethe_hessian,reg_balanced,15,8,random_graph,disc,01,0.8045775190601993,0.7876524602657761,173.26666666666668,1.7428571428571429,593.0,0.0
521,silouette,reg_balanced,16,9,random_graph,disc,01,0.8045775190601993,0.7876524602657761,173.26666666666668,1.7428571428571429,593.0,0.0
522,bethe_hessian,reg_balanced,11,6,random_graph,disc,01,0.593667634534399,0.7887273859259537,174.53333333333333,6.161904761904762,782.4,0.0
523,silouette,reg_balanced,12,3,random_graph,disc,01,0.593667634534399,0.7887273859259537,174.53333333333333,6.161904761904762,782.4,0.0
524,bethe_hessian,reg_balanced,14,7,random_graph,disc,01,0.6975877908278014,0.7858541480151107,176.13333333333333,3.723809523809524,684.8,0.0
525,silouette,reg_balanced,13,7,random_graph,disc,01,0.6975877908278014,0.7858541480151107,176.13333333333333,3.723809523809524,684.8,0.0
526,bethe_hessian,reg_balanced,15,8,random_graph,disc,01,0.910772853524325,0.797482539959822,174.66666666666666,0.2619047619047619,535.0,0.0
527,silouette,reg_balanced,15,9,random_graph,disc,01,0.910772853524325,0.797482539959822,174.66666666666666,0.2619047619047619,535.0,0.0
528,bethe_hessian,reg_balanced,15,8,random_graph,disc,01,0.8486410886641144,0.7952703538219286,175.33333333333334,1.119047619047619,573.0,0.0
529,silouette,reg_balanced,14,5,random_graph,disc,01,0.8486410886641144,0.7952703538219286,175.33333333333334,1.119047619047619,573.0,0.0
530,bethe_hessian,reg_balanced,14,7,random_graph,disc,01,0.6824803205244495,0.7592984405456619,175.93333333333334,3.876190476190476,690.6,0.0
531,silouette,reg_balanced,15,5,random_graph,disc,01,0.6824803205244495,0.7592984405456619,175.93333333333334,3.876190476190476,690.6,0.0
532,bethe_hessian,reg_balanced,15,8,random_graph,disc,01,0.8249929043910676,0.7995193751172828,173.8,1.4904761904761905,584.0,0.0
533,silouette,reg_balanced,15,7,random_graph,disc,01,0.8249929043910676,0.7995193751172828,173.8,1.4904761904761905,584.0,0.0
534,bethe_hessian,reg_balanced,13,7,random_graph,disc,01,0.6501054015984654,0.781060938330275,176.46666666666667,4.747619047619048,728.8,0.0
535,silouette,reg_balanced,12,6,random_graph,disc,01,0.6501054015984654,0.781060938330275,176.46666666666667,4.747619047619048,728.8,0.0
536,bethe_hessian,reg_balanced,15,8,random_graph,disc,01,0.8935836166424698,0.7969975207217466,175.4,0.49047619047619045,546.8,0.0
537,silouette,reg_balanced,16,11,random_graph,disc,01,0.8935836166424698,0.7969975207217466,175.4,0.49047619047619045,546.8,0.0
538,bethe_hessian,reg_balanced,15,8,random_graph,disc,01,0.8624434977199052,0.7987499392749194,175.93333333333334,0.9428571428571428,567.4,0.0
539,silouette,reg_balanced,13,5,random_graph,disc,01,0.8624434977199052,0.7987499392749194,175.93333333333334,0.9428571428571428,567.4,0.0
540,bethe_hessian,reg_balanced,15,8,random_graph,disc,01,0.8855838523590777,0.7975094294663547,173.46666666666667,0.5952380952380952,545.4,0.0
541,silouette,reg_balanced,14,7,random_graph,disc,01,0.8855838523590777,0.7975094294663547,173.46666666666667,0.5952380952380952,545.4,0.0
542,bethe_hessian,reg_balanced,15,8,random_graph,disc,01,0.8534351772330011,0.7951465115382278,175.26666666666668,1.0476190476190477,569.8,0.0
543,silouette,reg_balanced,13,8,random_graph,disc,01,0.8534351772330011,0.7951465115382278,175.26666666666668,1.0476190476190477,569.8,0.0
544,bethe_hessian,reg_balanced,14,7,random_graph,disc,01,0.7513041765134424,0.7879382783715206,174.93333333333334,2.6619047619047618,636.6,0.0
545,silouette,reg_balanced,12,5,random_graph,disc,01,0.7513041765134424,0.7879382783715206,174.93333333333334,2.6619047619047618,636.6,0.0
546,bethe_hessian,reg_balanced,14,7,random_graph,disc,01,0.7096865938007667,0.7657923442026577,177.0,3.376190476190476,672.8,0.0
547,silouette,reg_balanced,15,6,random_graph,disc,01,0.7096865938007667,0.7657923442026577,177.0,3.376190476190476,672.8,0.0
548,bethe_hessian,reg_balanced,12,6,random_graph,disc,01,0.6139110001541375,0.7802744472458812,175.8,5.6,762.6,0.0
549,silouette,reg_balanced,11,5,random_graph,disc,01,0.6139110001541375,0.7802744472458812,175.8,5.6,762.6,0.0
550,bethe_hessian,reg_balanced,15,8,random_graph,disc,05,0.888602054501566,0.7977737801594721,175.73333333333332,0.5619047619047619,550.8,0.0
551,silouette,reg_balanced,14,5,random_graph,disc,05,0.888602054501566,0.7977737801594721,175.73333333333332,0.5619047619047619,550.8,0.0
552,bethe_hessian,reg_balanced,13,7,random_graph,disc,05,0.6725940962231498,0.7849699286001596,175.6,4.214285714285714,703.8,0.0
553,silouette,reg_balanced,14,3,random_graph,disc,05,0.6725940962231498,0.7849699286001596,175.6,4.214285714285714,703.8,0.0
554,bethe_hessian,reg_balanced,15,8,random_graph,disc,05,0.9011062711917178,0.7983823962408138,174.86666666666667,0.3952380952380952,541.2,0.0
555,silouette,reg_balanced,9,3,random_graph,disc,05,0.9011062711917178,0.7983823962408138,174.86666666666667,0.3952380952380952,541.2,0.0
556,bethe_hessian,reg_balanced,15,8,random_graph,disc,05,0.868288435146044,0.794782003421671,173.6,0.819047619047619,555.2,0.0
557,silouette,reg_balanced,14,5,random_graph,disc,05,0.868288435146044,0.794782003421671,173.6,0.819047619047619,555.2,0.0
558,bethe_hessian,reg_balanced,15,8,random_graph,disc,05,0.859010122724872,0.7969189212713218,175.86666666666667,0.9809523809523809,568.8,0.0
559,silouette,reg_balanced,9,3,random_graph,disc,05,0.859010122724872,0.7969189212713218,175.86666666666667,0.9809523809523809,568.8,0.0
560,bethe_hessian,reg_balanced,14,7,random_graph,disc,05,0.7600198949673276,0.781495902041457,174.4,2.4380952380952383,625.6,0.0
561,silouette,reg_balanced,12,3,random_graph,disc,05,0.7600198949673276,0.781495902041457,174.4,2.4380952380952383,625.6,0.0
562,bethe_hessian,reg_balanced,13,7,random_graph,disc,05,0.7284263865254487,0.789763391618611,175.53333333333333,3.1,656.6,0.05
563,silouette,reg_balanced,12,3,random_graph,disc,05,0.7284263865254487,0.789763391618611,175.53333333333333,3.1,656.6,0.05
564,bethe_hessian,reg_balanced,14,7,random_graph,disc,05,0.7677032673309251,0.7909201241980905,174.86666666666667,2.380952380952381,624.6,0.0
565,silouette,reg_balanced,12,5,random_graph,disc,05,0.7677032673309251,0.7909201241980905,174.86666666666667,2.380952380952381,624.6,0.0
566,bethe_hessian,reg_balanced,13,7,random_graph,disc,05,0.5849561659476281,0.7585915219710931,176.13333333333333,6.3,793.0,0.0
567,silouette,reg_balanced,19,5,random_graph,disc,05,0.5849561659476281,0.7585915219710931,176.13333333333333,6.3,793.0,0.0
568,bethe_hessian,reg_balanced,15,8,random_graph,disc,05,0.8177205826699847,0.7907726381586722,174.4,1.561904761904762,588.8,0.0
569,silouette,reg_balanced,9,4,random_graph,disc,05,0.8177205826699847,0.7907726381586722,174.4,1.561904761904762,588.8,0.0
570,bethe_hessian,reg_balanced,14,7,random_graph,disc,05,0.8138697662418964,0.7974578293200959,175.13333333333333,1.6714285714285715,595.6,0.0
571,silouette,reg_balanced,12,5,random_graph,disc,05,0.8138697662418964,0.7974578293200959,175.13333333333333,1.6714285714285715,595.6,0.0
572,bethe_hessian,reg_balanced,14,7,random_graph,disc,05,0.7784264980274287,0.7887445952238582,175.33333333333334,2.1952380952380954,618.0,0.05
573,silouette,reg_balanced,8,3,random_graph,disc,05,0.7784264980274287,0.7887445952238582,175.33333333333334,2.1952380952380954,618.0,0.05
574,bethe_hessian,reg_balanced,14,7,random_graph,disc,05,0.7264087640580387,0.7820489715051568,175.33333333333334,3.0714285714285716,655.0,0.0
575,silouette,reg_balanced,13,3,random_graph,disc,05,0.7264087640580387,0.7820489715051568,175.33333333333334,3.0714285714285716,655.0,0.0
576,bethe_hessian,reg_balanced,15,8,random_graph,disc,05,0.9178574320019429,0.7977843563108744,175.26666666666668,0.17142857142857143,533.0,0.0
577,silouette,reg_balanced,10,3,random_graph,disc,05,0.9178574320019429,0.7977843563108744,175.26666666666668,0.17142857142857143,533.0,0.0
578,bethe_hessian,reg_balanced,15,8,random_graph,disc,05,0.8626557673823989,0.7968514008255334,176.06666666666666,0.9238095238095239,567.0,0.0
579,silouette,reg_balanced,14,4,random_graph,disc,05,0.8626557673823989,0.7968514008255334,176.06666666666666,0.9238095238095239,567.0,0.0
580,bethe_hessian,reg_balanced,15,8,random_graph,disc,05,0.8035893363567737,0.7983549837403066,177.33333333333334,1.861904761904762,610.2,0.0
581,silouette,reg_balanced,14,3,random_graph,disc,05,0.8035893363567737,0.7983549837403066,177.33333333333334,1.861904761904762,610.2,0.0
582,bethe_hessian,reg_balanced,14,7,random_graph,disc,05,0.7805544130227547,0.7849472847945707,174.86666666666667,2.1142857142857143,613.4,0.0
583,silouette,reg_balanced,14,3,random_graph,disc,05,0.7805544130227547,0.7849472847945707,174.86666666666667,2.1142857142857143,613.4,0.0
584,bethe_hessian,reg_balanced,14,7,random_graph,disc,05,0.7758017091171682,0.7853474608861138,174.46666666666667,2.1904761904761907,615.4,0.0
585,silouette,reg_balanced,8,3,random_graph,disc,05,0.7758017091171682,0.7853474608861138,174.46666666666667,2.1904761904761907,615.4,0.0
586,bethe_hessian,reg_balanced,14,7,random_graph,disc,05,0.7549500486835166,0.7791770457219359,174.13333333333333,2.5142857142857142,628.0,0.0
587,silouette,reg_balanced,13,3,random_graph,disc,05,0.7549500486835166,0.7791770457219359,174.13333333333333,2.5142857142857142,628.0,0.0
588,bethe_hessian,reg_balanced,15,8,random_graph,disc,05,0.9208370531260429,0.797958604083243,175.6,0.1380952380952381,532.4,0.05
589,silouette,reg_balanced,9,3,random_graph,disc,05,0.9208370531260429,0.797958604083243,175.6,0.1380952380952381,532.4,0.05
590,bethe_hessian,reg_balanced,13,7,random_graph,disc,05,0.6801489626597215,0.7888962090265912,175.6,4.080952380952381,698.2,0.0
591,silouette,reg_balanced,11,3,random_graph,disc,05,0.6801489626597215,0.7888962090265912,175.6,4.080952380952381,698.2,0.0
592,bethe_hessian,reg_balanced,13,7,random_graph,disc,05,0.6821670369516041,0.7821616749019654,174.4,3.942857142857143,688.8,0.0
593,silouette,reg_balanced,11,6,random_graph,disc,05,0.6821670369516041,0.7821616749019654,174.4,3.942857142857143,688.8,0.0
594,bethe_hessian,reg_balanced,15,8,random_graph,disc,05,0.8343168265228196,0.7928144529341031,173.53333333333333,1.3047619047619048,575.2,0.05
595,silouette,reg_balanced,15,5,random_graph,disc,05,0.8343168265228196,0.7928144529341031,173.53333333333333,1.3047619047619048,575.2,0.05
596,bethe_hessian,reg_balanced,14,7,random_graph,disc,05,0.7148539523341776,0.7815150295916509,175.86666666666667,3.3190476190476192,667.0,0.0
597,silouette,reg_balanced,13,3,random_graph,disc,05,0.7148539523341776,0.7815150295916509,175.86666666666667,3.3190476190476192,667.0,0.0
598,bethe_hessian,reg_balanced,13,7,random_graph,disc,05,0.7099586574007415,0.7863589966019148,175.33333333333334,3.4095238095238094,669.2,0.0
599,silouette,reg_balanced,12,3,random_graph,disc,05,0.7099586574007415,0.7863589966019148,175.33333333333334,3.4095238095238094,669.2,0.0
