,0_0,0_1,1_0,0_2,1_1,1_2
0,0.24111453574194922,0.22971439745118155,0.21977816272316958,-0.3066639095966278,-0.6786642542750982,0.37161104980106696
1,0.938457568463505,-0.05311532957136855,1.2009727228439233,0.15808864178465548,1.3725066255954603,1.029393801586462
2,-0.11376076001735125,0.2697924779494696,-0.18066855769062945,0.21398100400799025,-0.2810884529932467,0.02747998777557828
3,0.37703652610642174,0.23935882583272425,-0.31531471360322366,0.31086671290859813,-0.42991340448386517,-0.7514231476546358
4,0.19338016889720727,-0.6096840369434904,-0.009419583067690168,0.3731675090864741,0.15629612116365596,0.34722363791479244
5,0.13102433114947215,-0.14412309922401667,0.4517670794917644,-0.24395022327712093,0.3927651611576613,0.37026628922581084
6,0.293599068409376,0.23121547204000686,-0.30493235153030773,0.13075572824637016,1.0294883585155985,0.5265440111238019
7,0.1605355199166009,0.7345428838902825,0.5260015348126308,1.179148398548804,-0.1500152378375319,0.46582421075264774
8,0.12524637408533976,0.24347812125622864,-0.12016298614092702,0.30488876771302975,0.13183317863650817,0.2016055033645214
9,-0.15267525837947363,-0.7455300989555776,-0.12995131652798758,-0.9435526444305993,0.43301195613430316,-0.40276452612627234
10,0.646666650593391,0.01271333843564082,-0.2705150845071588,1.096400390645962,-0.17861396341212013,0.1451240888726389
11,0.5975405393929616,0.43307373473744015,0.7261204567647459,0.22120681080707388,0.5673627548672162,0.7603011760681428
12,0.08310872833857184,-0.28089475676851433,0.47853767918480367,-0.050611697247920556,-0.9610025288507273,-0.3368900613407279
13,-0.2776820250008684,-0.24639756272523744,-0.060598175557518896,-0.41683587103785275,0.48164238258276015,0.3732937534504316
14,-0.4035099576272722,0.7781684822447998,-0.1572277951951277,0.9871697320770418,-0.5672531134976213,-0.8909499039979143
15,0.4164537158753081,0.034454879511190306,0.6656514488486719,0.08433196045193528,0.9438439628366546,1.4045254393996012
16,-0.32689571949217855,0.35570374222489487,0.42325205152687895,-0.6264139372604962,1.0721687673534983,1.9576478321250117
17,0.20632409446976058,-0.0361170993043983,0.11338372003377235,0.8118972264352565,-0.9646244494371261,-0.5223977583655292
18,-0.05816636829105266,-0.24883788984360192,-0.059193093031677795,-1.402090025493962,0.09104668632381854,-0.059184828672635914
19,-0.8957270579102516,-0.8379842358452467,-1.4103029536653016,-1.3242516571741947,-2.5978359928913846,-1.9237561939767027
20,0.5215523135122621,0.0035739546367273833,0.3822566408992519,-0.2036841720838093,0.21056324283335434,0.3678154974332012
21,-0.15980496243972658,-0.47599850003336713,0.1930566083789857,-0.03294412121068896,0.2939497578488438,1.3199719677346604
22,0.7461148403498132,1.3775973762518734,1.0448038417278585,1.109600282232755,1.1547757401563874,1.4284650823132004
23,0.7589102357623925,1.1524867093890236,0.6122279712478059,0.5945682252776803,0.5072981090693456,1.2427222242650218
24,0.47261886888288546,0.46434058233950376,1.1247169640566734,0.5527801061752738,0.20682128131580635,1.3746349838625522
25,0.24049606247207392,0.13794123487544896,0.47810568869101944,0.7107318143980796,1.1228692578458594,1.259399406692656
26,-0.4997456304624086,0.5024834808098526,-1.8147497125105014,0.22506676018965285,-1.131716273499059,-0.9641777654428126
27,0.12829927075263842,1.0859780673078991,-0.6547403884932594,0.5066155576724856,-0.8159638430439121,-0.25208493055434356
28,-0.2962986197676973,-0.35899923792896427,-0.7707183910125759,1.1831457033340071,-0.5392002589563878,0.07426480372579647
29,0.059164364294740764,-0.24077808251769828,0.3875891184983442,0.016992679938016564,0.07394059122365981,1.17860172602583
30,0.10290674070231719,-0.6404286492134313,-0.28719496346824314,-0.11240926641903198,0.0019776801344841832,-1.0510347236282627
31,0.699984909842785,-0.19725486062488695,1.5070879124037138,-0.1056202579683676,1.1136819454954112,0.46962948780166147
32,-0.17351344173446484,-0.7507609581512642,0.4168086947636104,-0.16275554919089702,-0.3897965606587529,-1.2942986998470056
33,0.4472888626673959,-0.2089321211020035,0.14167838923820097,-0.3083654368009376,0.12716939907766264,0.061531126751917006
34,0.5225708640909236,0.43701745435307515,-0.799097365982783,0.4642655567083294,-0.8554653436133836,-0.9166797543223911
35,0.3626925540219956,0.7270443650833693,0.5767705491145638,0.9757464196251624,0.0987762744560911,0.6124243689675369
36,0.08569721553800412,0.6119575039471483,-0.3552175217053092,-0.3083823744210001,-1.0749456181174815,-0.5601336131065835
37,-0.12267306397954089,-1.045487306511377,-0.47158054574448516,-0.7519300049936687,-0.04239108398083852,-1.3479333589628029
38,-0.660411289838796,-0.4034488328539673,-0.6944398273618659,-1.2519944397685188,-0.22173458778495386,-1.2521231322263422
39,0.19260557472090803,0.10472361918097915,0.46945953830496434,0.6393532236803887,0.9335421386407661,1.0903645933263992
40,-0.029334474022641954,-0.5668617087659592,0.5729861830901928,-0.020741114324205,0.23977003222958782,0.756002180946819
41,0.16170247118635553,0.4523326365233684,-0.3720344000775885,-0.018080159090380077,-0.46025392420757116,-1.392589649449915
42,-1.0223405337848295,-1.79013469566357,-0.6279594857405575,-1.9415874233595347,-0.7067092658582992,-0.11575677641162352
43,-0.17278076196980405,-0.2705643166063744,-0.03246086943627924,0.21901153713721988,0.03347041844175712,0.32477581185115795
44,-0.4126783556970719,0.029036199369090077,-1.091151586016032,-0.11956394537098887,-0.40433757720136365,-0.8598146501093934
45,0.26403086628231315,0.05082988980765418,0.2574599338163473,-1.2090456886406122,0.44522076511083364,-0.1336581297296645
46,-0.7145241330685178,-0.29894681909791027,-0.26040658045195686,-0.17343382333833202,0.40598004879046834,1.395437780221389
47,0.11369690269542253,0.012406375531445205,-0.004205489505764298,0.28930233174208303,-0.3595215856520493,-1.3002330229555437
48,0.16505366480780972,0.8746523805209222,0.1829168488323737,0.9220626617743868,0.01611524106495718,0.5035074830402745
49,0.26159940976001966,-0.24925397292649926,0.14306480785839212,-1.163290257244119,0.3656192762282112,-0.41914830359414745
50,1.0770933808658154,0.27568285619510047,0.6336058821969442,-0.07085885318806018,0.5297829972744306,1.3215362733606213
51,-0.17336979341044756,0.44185931717834537,0.01936760571791063,0.3996769852252715,-0.38735728973746897,-0.720802369079979
52,-0.3600196169230679,-0.15623358328667533,-0.8061445707215464,-0.3414049187526286,-1.1132173633059288,-1.5441282527524902
53,-0.3515441916859059,-0.2936944584030756,-0.8785418787017105,-0.5646656889645394,-1.3218350948520774,-0.9960433181432965
54,-1.037230873104312,-0.8210001843670434,-1.1241862810436256,-0.9763299717294486,-1.6883988506145036,-1.19590090271083
55,0.20813612191484915,0.7941928237382399,0.37397867372563537,0.5334226112945633,-0.1394489633024238,0.42802650307760937
56,-0.20543106429433897,-0.6831472995957,0.2915828194031094,0.021180563657251683,0.25148213881253545,0.8041610451916343
57,-0.3005855869427805,-1.2927398672414858,-1.1270138725269532,-0.8081183907977033,-2.2277634168638194,-1.3224957502694352
58,1.268915754654201,0.1758117267380257,1.4738120596895106,1.4028593889432175,1.722531233655015,0.4154131697049188
59,-0.5230406845565962,-0.7701294457377843,-0.36798401370620915,-0.3719701126143385,0.14387027832136512,0.10553132620228695
60,0.11997148245296589,-0.26137115864502813,0.33353145576765114,0.587372794669554,0.32418617675451705,0.46838663925859264
61,0.48267228226771963,-0.3246651388204894,0.8332644911366109,-0.02852773368936351,0.22250134939140676,0.8484102804680739
62,0.6292466613597312,0.47565190391653744,0.8542386342153567,0.08177535272658948,1.4381329897233375,-0.100640282549886
63,0.4195307679473282,-0.7440653419750758,-0.10028261217111328,-0.48774373360878975,-0.5783270493393704,-0.1299991616724463
64,-0.14035240892276832,0.281842768707811,-0.357015701197384,0.5696904709378197,-0.14211502529310832,-0.5652784246678537
65,-0.5502196038596661,-1.0853095252252059,-0.8768604211857075,-1.404299627366991,-1.5695722581474292,-0.500787294935139
66,1.0867654987986164,0.456884547015592,0.7238548689893827,1.2968420829763976,0.44505471295249777,1.3249613390048545
67,0.052864621278688316,0.09605758381366836,-0.020141004317760024,0.4723940488254738,0.29658228071205667,0.20365978791488532
68,-0.08961357212766156,-0.2135162526542329,-1.09226094075659,-0.7423950760699113,-1.5917913046001084,-0.28340711311278244
69,-0.5493405617692703,-1.0336310172175358,-0.15904536648384848,-0.9208820153943335,-0.436802657214189,-0.3191993952370164
70,-0.3697240343765036,-0.3207529705317582,-0.3024576148978459,-0.15437339797972627,-0.7330474426271522,-1.3670739752783487
71,0.0922810814138739,-0.42421895906067886,1.2487569782788026,-0.3421414154433371,1.5677257711299344,1.7996593530669491
72,-0.5138385509811243,-1.0775268131174942,-0.1586442213760163,-0.7111469587800218,-0.5725994743685853,0.055865120598348805
73,-0.11219876225141563,-1.0628812653210833,0.18211949684232864,0.14914642266058964,0.3541793455301473,-0.029364853911412137
74,-0.2153717056481627,0.45604956668161467,-0.4843501906745934,-0.35146194489667393,-0.7355594360765008,-0.784457194928196
75,-0.6301783907040616,-0.31977856262733234,0.5227720219967275,0.4944872567005725,1.5620462532538295,0.5683991771347205
76,-0.4620669596222831,-0.011802629634272144,-0.7441718406870318,-0.6164131259752333,-1.1114036636560916,-0.8508965586544346
77,0.8514943869103723,1.692119743793861,0.3586861929273839,1.3122629267138717,0.15937609104965422,1.257084890734294
78,0.07048171148503311,-0.6189119911443258,0.4103031118884733,-0.3606290086206644,0.9464423979959324,0.7718890230028265
79,-0.8293350843722421,-1.2349868573865126,-0.5806780130016527,-0.13857392069595664,-0.8812375252069273,-0.9204871332134277
80,0.19380162736136658,-1.1807339892083215,0.7364716463051826,-1.3729337434589965,0.5966343341957092,0.5629628420649753
81,-0.08767526833785025,-0.9890534009428856,-0.454312314750974,-0.17871147572152252,-0.9331170100347689,-0.5092847250134342
82,0.06937719972759489,0.06970439667019325,-0.12043365109139993,-0.5740542240127956,-0.8725213993918898,-0.4967597022190189
83,-1.1370231413389986,-1.0320791377534129,-1.0711080949091403,-0.6554494459647906,-1.0704441924272168,-0.6186661420919184
84,-0.42213258705595647,-0.34481555820547793,0.2635911516481757,-0.6075766809837744,0.39742695431000197,1.0188053550902736
85,-0.02697331830746942,0.2021078567863837,-0.6549945436309245,0.7467105257423612,-0.6337130672593371,-1.8970011591069231
86,0.1462160612867899,0.7583521901588574,0.2007813004405254,1.1981997211994408,0.6427971150008966,0.7270216107232397
87,-0.1331612696492892,0.20836258816870262,-0.6498425095564253,-0.2595328107324649,0.4505842455514084,0.2200916154528521
88,-0.7793322455603393,-0.5979529477845066,0.3866918406896025,-0.7288204821329949,0.04083325832699525,0.5295453220291348
89,0.4332231193622557,0.53350877857079,0.5546259783249793,0.33680015332685387,0.9325529740933597,-0.11010639404038569
90,0.4880285716409738,0.2695200127899064,0.8077260777235233,1.4424455182424438,0.8775069484469478,1.235674358903137
91,-0.075726243129509,0.5999118450472711,0.14008269928088718,0.26463549919422236,-0.0002747414028469175,0.09045056204312468
92,0.004223864627148924,1.0237354520264739,-0.6772326481520446,0.08376797790590956,0.2918792985264089,-0.18889982198146094
93,-0.18892014437965013,-0.3593983345094547,-0.03340821043508416,0.056988228812607844,0.835416392829742,1.3440334725370564
94,0.1357431159951463,0.183443012588885,-0.4468379634917722,0.971266943045169,-1.1406847638808746,-0.7206622525962636
95,0.23977470188105732,0.4369308455322719,-0.20352736835173485,-0.12809633042584745,-0.9188201719470437,-0.03561982056034774
96,0.42092083589304036,0.32744196270708903,-0.17778810937172623,0.7859391027582372,-0.8332709639736886,-1.1699748095490388
97,-0.34512553128718976,-0.7739758006583002,0.20936658733886399,-0.8405911343319044,0.6072793025084973,0.6245907501039751
98,0.37454947122842736,0.7621096431659748,0.6035132052013837,0.3041594338935713,0.3852544351538163,1.3147471109815376
99,0.4482257724102434,0.1584446592568916,0.40362568106519164,-0.19147472682831823,0.3937374414934511,0.289885418030569
100,-0.3202451471237419,-0.17049519824976256,-0.45795606196327954,0.2651685244266807,-0.8709087506827498,-0.5563492274818977
101,-0.23163971973675246,-1.3948533378559271,-0.2163711239000765,-1.1922181380451011,-0.7137349988191608,-1.2137666787879489
102,-0.2141363714891816,-0.5869907852222984,0.25852535128463905,-0.21507369106890864,0.35194543709204046,-0.13284809310180345
103,-0.46481091809339253,-0.22407851575072438,0.24407204622650974,-1.1187885576087262,0.9296864185990119,0.6696474822066927
104,-0.5537308017564413,-0.33980470111722805,-0.2205598655559759,0.1302762772509466,-0.006331538198927927,-0.7906596332869376
105,0.6584935518889037,0.48944093694750873,0.6729685422704523,0.8910472355838972,0.2391280927997524,0.5976703590272182
106,-0.16366098446319174,-0.08107245055036068,0.2414934144773581,-0.13726891531436608,-0.4707716490041036,0.5636220141247241
107,0.9839799482147803,0.5643116908491905,0.6925910427433262,0.9071045500579555,0.7492239146122367,0.2820572843676336
108,0.8935633104484144,0.5697271883651625,1.087732406143901,1.3160889646809555,0.3598840604184471,0.29178165439262876
109,-0.7767043532334793,-0.4337236684820146,-0.9616754760983606,0.07657799749389127,-1.2080668594611292,-1.2926613718307955
110,0.2732346503885105,0.4680098974148424,0.24152859945764935,0.23358680148997188,1.6721840425102596,2.0867421984377508
111,0.6514256531239241,0.7347369525085805,0.7944394844305851,1.4466640971707339,1.6134765425487585,0.9016306086342188
112,0.3555318705866811,-0.011221058241945858,0.7315992033094156,-0.2420800619176392,0.13296741826065495,0.4885545558040261
113,0.07737198449563709,-0.7046279351187231,-1.0597259411113749,0.13115677939342835,-1.3004288784557996,0.0032126452993337384
114,-0.025364882704415972,1.1096457483444482,0.903419400020403,0.12555462193500638,0.8284099000618939,0.764092138142883
115,0.4350773760779068,0.8725105460284466,0.7638937108532733,0.07276507531398402,0.4128773263555253,0.6735750350633861
116,-0.328148971174368,0.1403442633164192,0.49178219428145403,0.2503981332461625,0.35535491974338407,0.09873756190563343
117,0.5076813992692053,0.48169921307292474,-0.011025825199301731,0.43640561022440133,0.08069055880906179,0.22143824790781894
118,-0.8849509296309533,-0.4318253213368182,-1.3059150774167645,-0.5710184121639961,-1.46497455675828,-1.2458523473213814
119,0.4970408438788371,0.36218367788268246,0.9094210607164415,0.4365527638305155,1.4775965180059827,1.0701092566281434
120,0.12087135503046784,-0.8375187084636273,0.3651341829984404,-1.200736846606465,0.406361166436179,-0.17299131403096352
121,0.7262680283401676,1.4071241211102794,0.6954646855464377,1.1873720628622584,0.24332293090578816,0.6378976246479362
122,-0.5406297739577949,-0.3451320926371919,0.0908520732118846,-0.2559020123773894,0.0009476905480115538,0.5716100089002512
123,0.7644044858920179,0.5565280877931119,0.08028596515805475,0.7231819916816711,0.34539238044503334,-0.029994670202928453
124,-0.20317901892751727,0.012523220276744323,-0.10927402895143466,-0.35143556000873644,-0.32275642436818447,-0.39991436455510865
125,0.15718568267933358,0.33565685205513696,0.3105433378726751,-0.5450401758162469,0.3015587082845187,-0.24287765375302572
126,0.4908922645796528,0.751942509432871,0.7596912815018598,0.6769997554719278,1.009115632015585,1.3355675459481364
127,-0.4447519187013689,-0.8522239521705955,-0.5185018530878709,-0.29475422504855114,0.7263521517136591,-0.4548315013394485
128,-0.5264760225052291,-1.2637901569592986,0.3986358488669487,-1.2580801193697742,-0.25014015231917774,-0.2573204434994738
129,-0.3374664327624529,-1.2950190326929736,-1.165772365654995,-1.554196432055187,-1.4205339279434677,-1.631287425413797
130,-0.587127554485701,-0.6467804960846301,-0.46604681799382025,-0.4550770462559104,-0.3224116860562144,-0.15747364973120256
131,0.7816862059097698,1.2514590544470792,1.2737668368655481,1.5783875173319895,0.944798953587443,0.3556714963445241
132,-0.16373211965686466,-0.24262594145438407,0.44506976410023225,-0.6772778302440421,0.383819755114403,0.8070101792676798
133,0.669037401573841,1.1454943666929047,0.6541114350464846,0.9973684064348725,0.5910528751330654,1.556433155802761
134,0.6047446369023909,0.5310029040531645,-0.016042134091007743,0.1765008096022631,0.43180107158498976,-0.11177116206270579
135,0.38611628475916693,1.10510808984351,0.7184278849088754,0.2823795305004756,1.0357939494451023,0.019574843553540777
136,-0.1731274804557169,-0.009762531654161216,-1.1178151562110075,-0.7355750893169957,-1.19407752456669,-1.8797955314286607
137,0.13268400215623083,0.34560269597607757,0.06466399571391018,0.45564454109361935,0.3332774884682412,-0.9321976785474687
138,0.07898747339169142,0.44226408801345674,1.2294585303919472,0.9726490252049449,1.2526697870139822,1.2319097490869397
139,-0.27116170714109833,-0.8692366940789703,-0.39307382020818554,-0.295963477553865,-0.22749682613521124,-0.3528312104505142
140,-0.6912251994469251,-0.5655417435693104,-0.42151357932172623,0.06068677757448093,0.026864789869202432,-1.3091897750230992
141,0.3131836044229734,-0.1422112476770967,-0.43124286874174816,-0.007908332536869594,-0.5942502598453347,-0.29865333170076813
142,-0.2666459102479346,-0.4445104038661717,-0.614992130558388,-0.3644217947802937,-0.4167800524181823,-0.641593946559195
143,-0.343146163732023,-0.6250739543005788,-0.5805197690314104,-1.352062421461702,-0.5942335892232276,-0.2590099633958858
144,0.4177631121099656,1.2191487327817063,0.4542459897984607,1.4012870953057472,0.8995150693136533,0.7943600643613458
145,-0.8168727291417046,-1.1134415627557914,-2.00601597806529,-1.4372108613086583,-2.172702234787845,-3.2171311917783125
146,-0.16717789043588518,-0.8783445836795923,-1.3892228059462517,-0.7947863922317701,-1.849352324319454,-2.21632919735311
147,0.2654939799198427,-0.1442017088020216,-0.571773767065088,-0.7090746707968141,-0.8590826232597536,-0.597701258863285
148,0.7738397150046171,1.0080838877202711,1.2714506564401422,0.9689256773703168,1.3284200127700792,1.0681700040497246
149,0.035008990665819334,0.7841805201581976,-0.5638747272916943,-0.1447092631347549,-0.9707608823938187,-0.8804435732766648
150,0.65686423385923,0.7842080848969302,0.03433472208567767,0.9562405181506849,0.7154336843795701,0.580974315124681
151,0.67594292155068,0.8041598024374865,1.1197368641865477,0.84840628598696,0.8228723348176322,1.7204190341403485
152,-0.4819462564967637,-0.4553686176239742,-0.5388428600650117,-0.18713783825846053,-0.4713412283822537,-1.0801203996925246
153,-0.43420945031253666,-0.12886753256640826,-0.17159918414978803,-1.0472535696023202,-0.9330985885332167,-0.6987172808619418
154,0.2795355463923755,-0.0038396567738074316,-0.06572750618436662,-0.024958599968845113,0.28762467483208387,0.4762450554038279
155,-0.2751255447184789,-0.7344931597961584,-0.660849215672608,0.6154640012239688,-0.48868387617299414,0.6612695272981284
156,-0.20543812082734988,-0.8859071243127282,-0.0974872741894407,-0.9344400991073889,0.17055117877790377,0.5149997147137633
157,0.6895372622405678,1.2012808555535144,1.1121566530425016,1.2930350627025162,0.8563730246135348,0.9178461072298976
158,0.49027315765950563,0.11213005003930643,0.46458150435490375,-0.22744552939736323,0.9450889927861761,0.21237861734923713
159,-0.23174138259239638,-0.5057691389782366,-0.8010278216314644,-0.18246911906951796,-0.11057967174784133,-0.871009841820163
160,0.08533497271276712,0.11311291722794747,-0.19295180996777467,-0.6904824115779467,-0.8880440248477324,0.13768482311667163
161,0.29765420117567404,0.437039003649783,0.6765700571546996,0.0001714245507496992,0.18689275334984534,-0.2046525097698807
162,-0.783200866731278,-1.495044385310352,-0.5302145208189748,-2.149663132683589,-0.36463213751624884,-0.5141075177850356
163,-0.46753581847635267,-0.9530248868123121,-1.7672072912765087,-1.1588908099941886,-2.52019311888107,-2.0983324679588478
164,0.02085215581353862,0.3232418966747406,-0.3036359980830887,-0.22873780118622092,-0.36817048224942217,-0.46640494533626087
165,-0.3475235361631586,-0.7497305915968289,0.08143965820669441,-1.4483999536569216,0.11409514302037899,0.49044718980422786
166,-0.5587323931747705,-0.6862063662374942,-1.2072211411899643,-0.7256533114531561,-1.8705610956736587,-1.9467793972171763
167,-0.09003500287366403,-0.08326053240312714,0.4545345627371651,-0.397557854704736,0.694056652387765,1.0290077535623265
168,-0.12073523132474685,0.6798206206572813,0.270334073050397,-0.43836664142281234,-1.225774021174073,-1.297677623179426
169,-0.8361611388144028,0.09204457787043807,-0.6474516189576268,-1.2435197213583462,-1.3496510547766918,-0.5392570238859838
170,0.147007789095869,-0.15043232404762155,-0.6957909829683157,0.435963761320671,-0.42304449009205236,-0.9273282629883235
171,-0.08604938809917409,-0.2728888535844951,-0.42164798716174634,-0.4115059801154105,-0.022894721965314446,0.7461222089691895
172,0.4006812603312976,1.0207638602813667,1.3592863120917968,0.2437392293870757,1.315532147654748,1.367826478153742
173,0.37822911604334575,0.8732132593109716,0.4687982451014903,0.1450917929859798,1.067941752198624,0.3391830123640238
174,-0.14377316586440986,0.011396030736611773,-0.859701347783699,0.4353324322035752,-0.47702791313229914,-0.7881471396343614
175,0.20024596670090966,0.06200410515958382,-0.5163186236008376,0.7296116019407832,-0.6785078210286151,-0.4048943760719203
176,0.6940279134815819,0.7098800801234854,0.7488947033371209,1.2488145014638645,0.8714181125492886,0.907689047198081
177,0.5273124471463554,0.3848631915418822,0.30289983944708254,-0.3428155235377883,0.046666318672126395,0.9170109083921143
178,-0.3539316439406328,-0.018616127154022832,-0.4495497728050014,0.39775363267789643,-0.2928520600402026,-0.16356696760212777
179,0.5603634583805531,-0.8196380882689732,0.8519915377214844,0.5764226234798531,0.7610992469745735,0.12236316347568565
180,-0.17447911477359013,0.7835267874651517,0.03214008228932383,0.32326929235282753,-0.21806557421659825,-0.7540159720881896
181,-0.12719189732547775,-0.6199640820417673,-0.4356888449802232,-0.5289542016526556,0.04944089299609172,-0.6397588165513567
182,0.21892947728528633,0.8778575929677322,-0.41346344062655915,-0.36141628621673605,-0.00011754758807613896,-0.2335876087807515
183,0.1467165833772855,-0.09639434520874537,-0.09051873822569717,1.023387568930131,-0.7291249619103217,0.16154522258113735
184,-0.5812845503467057,-0.055629797954663385,-0.9410040239653692,-0.45322722257310377,-0.7022180541296722,-1.0074119444893586
185,0.34168865873342447,0.23343799493683104,0.3045922589849691,0.4881340217248956,-0.5301014118837867,0.20432774560633687
186,-0.05043619126428169,-0.2957204068314896,-0.04148772579579894,0.21788704347491866,-0.2744206539239567,-0.8610466611104097
187,-0.395619653536135,-0.7194577390188261,-0.3502466345098104,-1.3533804916099852,-0.662412659032964,-0.6463362947404079
188,0.25437838605301677,0.5734249037357925,-0.7213868330458375,0.9579918021533071,-0.9784837801729459,-0.9906904551900227
189,-0.8244680807274445,-0.4879797710779745,-0.3823119648065457,-1.089821626669335,-1.0270407672260853,-0.6828569314624743
190,0.5290914968067205,0.8070811116715826,-0.2711113715501021,0.4011935334012592,0.4089127890940828,-0.8631946572228122
191,0.0975083057489495,0.6977355356462555,-0.24195201936185054,0.7445459779291013,-0.23591148828247932,-1.1318464308444525
192,0.8307906981253861,1.6823456600580535,0.3648304843199055,0.9954489565444617,0.32750736945144004,-0.2938294248591119
193,0.9690398543478685,1.0005666579757262,1.0248716406819607,1.8241215756191322,1.4030771596818625,0.9740277898777723
194,0.4000602561861513,0.7357857591685268,1.3247413637487735,0.20843832533388768,1.4745540390334575,2.029516822409517
195,0.2662704115888078,0.9647842800545903,-0.18694418553133907,0.5181212230188794,-0.18053670001646482,-0.3353922164182873
196,0.01888522164107758,0.579165724733988,-0.17352691711288762,0.9259823924832455,0.17492154488868092,0.27574225766834237
197,-0.05225831976452931,-0.7070829846649567,0.21797468497267075,-0.1346817327057199,0.6100577204198789,0.011530775468721333
198,0.030130624782327524,0.48073620687179575,-0.862409671784234,0.18808656886347944,-0.29288951978173483,-0.3761899066401221
199,-0.20322537148639294,0.6917219604472203,-0.7978600553553123,0.3083466127632326,-0.5090082162313792,-0.5250844572634592
200,0.20631664067815703,0.8293042155359488,0.6481383354345722,0.1608658079772038,0.5466542201915155,1.7117660372755663
201,-0.6983552998355665,-0.7419933225195502,-0.6302112946647761,-0.39841139934729886,-0.7078496674437735,-1.127335789182953
202,0.0351947156162844,-0.40703212014834167,0.15203349747977832,-0.2551367732504126,1.443239733650691,1.4407115818439513
203,0.3369871401706112,0.918853117229933,0.16609888567063658,-0.3798833266309599,0.6380466907950265,0.31025457618405855
204,-0.08209018109180195,0.02582660944477544,0.43233513262112006,-0.11747827251536488,1.007555561929015,0.3746925096415446
205,-0.5655408944230971,-0.28848802563975895,-0.7977246614165537,0.1731996878597281,-0.1376931602052195,-1.0025046781336207
206,-1.1759390075500515,-1.5433600163571146,-1.3761638267410445,-1.2680119710931315,-1.5047481657292372,-2.042373619280706
207,0.3004585083618109,0.8571236521954757,0.12558293940488868,0.5283708924672514,0.03013998053003268,-0.5952066750811591
208,0.12392942663741657,1.0500164533861165,-1.059639648168052,0.18789623437326786,-1.5337235907352265,-1.2027263160952837
209,0.3726199947689319,0.3169813868124244,0.07501490936269561,-0.8416530320908154,-0.32291967022121437,-0.08577897627641734
210,0.1046316496900942,0.0741788248810584,-0.4779105869707868,-0.29770852366626155,-1.3514133642927044,-0.41960356855548
211,-0.8147023670438104,-0.46335371049782553,-0.9360790442390132,-1.1387789961059371,-0.24664721896914454,-1.0278305851152967
212,-0.5563399514431749,-0.3976579733333508,0.13297901876721674,0.06406627752742078,0.7936115384137034,0.4881179648609484
213,-0.12228969103732099,0.6645208020824377,-0.5878972832489694,0.8788609532807341,0.04108379885569202,-0.5290086121331501
214,0.09851218122953684,-0.33768398676052136,0.4921756693940288,0.07495966863759602,0.5236917805338139,0.39378294090380184
215,-1.1137559052747077,-0.5684941632537978,-0.731415889018705,-1.4302220356844297,-2.1232954215797557,-1.0497017229374088
216,0.7047382186320892,0.07418532594201832,1.3747855157759719,0.16250717404011686,1.9126891491753906,1.7237522769896814
217,-0.36678990551264545,-0.9040675970716631,-0.5159705548662322,-0.18122126289154272,-1.0709843250386846,-0.24119660228445317
218,0.3140585004675983,0.5998005900598594,-0.43920796596588574,0.5153708266749083,-0.15804393160354147,-0.17947786879246408
219,-0.5332407719261201,-0.9241192356551275,0.3785028291124406,-0.7676219676030582,-0.9709922956263257,-0.7494233622723039
220,-0.3471429055951661,0.1353726704146332,-0.38720978068266604,0.10847367400885877,-0.7533335748744441,-0.10135255892722062
221,0.6570362015645871,0.20619440529820843,0.7567261793767004,1.0324426417359902,0.08797639035892435,0.47839823273029336
222,-0.19449975970432853,0.8098444472427511,-0.7924883485990991,0.5838710020690152,-0.8200717789306641,-0.5607969636357081
223,0.1833614871440655,0.22667530782899273,0.9250279384208319,0.06931145577847223,0.047056380479553406,-0.06792200401210585
224,-0.044325343998645884,-0.13805260746072665,-1.467638828872599,0.37960638683534825,-1.0457569110917153,-1.4540892824952387
225,-1.0086089966032132,-1.2879297625471517,-1.0403773099073494,-1.1498865248977366,-1.1880418532190582,-1.1496974093024939
226,0.06468046987324254,0.5603794701052897,0.3990570195866192,0.2796117237838925,1.1215627353886446,0.38275918531714287
227,0.7595893725667004,0.5015807784654096,0.32657377799896004,0.5728119668230969,0.9354109330667516,1.688091688469722
228,0.6696256596277937,1.1304870278283634,0.49412399797310524,0.5219852751347733,1.3978160979577017,1.5055192299647502
229,0.2132517652121697,0.15320242450539917,0.769437282825083,0.07959985028787048,1.1267986632036746,0.7566874961965474
230,0.13963499860489464,-1.1316843955372669,0.7352125551009956,-1.2832903246559386,0.9468244806872059,0.2701899218538534
231,0.051124789553406824,0.3650853078283772,0.25632248940315644,1.1393286361875106,-0.24162835446718928,-0.27637247618053035
232,0.7138182313938146,0.26986346683944723,-0.8898220622740851,0.7902383898545091,-0.3390073900416031,-1.5201112175324376
233,0.5143209109432856,1.2149991226988817,0.35478859799534135,0.5533802088799303,0.8434464079744823,0.7846324013408228
234,0.693488520385718,0.731584162677869,0.5227669965732273,0.8417278209152701,0.5410246560713574,-0.4695082953041001
235,-0.9079440853273557,-0.46086734871854196,-0.5763560046175104,-0.8779712831015931,-1.2244652466140007,-0.505327263570345
236,-0.2846974525435692,-1.1900410419458662,-0.7935466955260144,-0.8670686751528234,-0.5902933952484791,-1.0053206098226146
237,0.0006086198940223851,0.16050761667174865,-0.1729218046855297,0.5322685486695237,-0.05990815105369157,-0.4004835254736332
238,0.11582668757580648,0.4835091262803297,-0.18083323330707568,0.1998324623180756,0.5962513127783152,-0.8410086196984912
239,0.17921688564083865,-1.0430047052011289,1.1915029758740772,-0.78611754534829,1.713882531540703,2.4751232002385963
240,-0.16904982320275957,0.4978411292511083,-0.09663612959465455,-0.5775325442006153,-0.5381737926562197,-0.6896236664358819
241,-0.05415245457788547,0.0009011592013553615,-0.2520021572952912,-1.1154577570553523,-0.4918095308605886,0.07741658316878913
242,0.08096845601449137,0.21510534675814208,0.4702321915825165,-0.2888545197788225,0.012494051252675942,1.550232366219959
243,0.2695195614081114,0.10912584170776513,0.05484038253063442,0.13129254610948832,1.7742939268225333,1.2423070938705925
244,-0.6675050658568614,-0.7238689596481496,-1.306202883520712,0.046243374565457684,-1.836400490410982,-1.4020321091127832
245,-0.7126119020641384,-0.424537194309669,-1.006347434646369,-0.8596951729514744,-1.1805551183011094,-0.6228304939063348
246,-0.1662952308939025,0.14540860412536263,-0.1805770938366169,0.7639364390179081,0.699391458995038,0.7650864405134381
247,0.49065868838414056,-0.08814306285712509,0.6626430942020373,0.05800477932497464,1.0180574764745207,1.3804388558874257
248,-1.3217425217086005,-1.0756844802458276,-1.793581078130928,-0.502993237400737,-2.2954478591996863,-1.134133127619422
249,0.2497699805249272,-0.005239336164794911,0.033617434096030546,-0.30715557234635427,0.0592061874287103,0.3794266579638755
250,0.5233613015087613,0.5229604557500309,0.5508563433887941,1.3199579816249294,0.4910901080023329,0.20825905043927567
251,-0.8125178669001819,-0.2054831070763229,-0.5684818945674257,0.08494519219438479,-0.9036953731040096,-0.9504199065636254
252,-0.9875896284229037,-0.7320074717687188,-0.8859293052375918,-1.1127961783103613,-1.4133132586330943,-0.9227886454563381
253,-0.5499477654511552,-0.013941692036546494,-1.2648129390897997,-1.5213869776255946,-0.6657275115290529,-0.9387421348802121
254,0.09526986447526414,-0.37572296330325383,0.48288175579300396,0.5391055425790199,0.23837727447745863,0.5280597017937927
255,-0.08848330011173966,-0.9444239643714449,-0.3058336149519316,-0.5750234032486062,-0.6927844671565488,-1.1090438594279535
256,0.9055717028161052,-0.12827151055552322,1.706779357432867,0.28974692845936173,2.083082253653627,1.564649959373567
257,0.692777977511536,0.9174970570500243,1.9117330660092806,0.5731297821496175,2.1487018163308065,1.1992981908644818
258,-0.09041441091346943,-0.2055116070443772,-0.08769194024812828,-0.8660156897453904,1.0179052904486388,0.4249216808244355
259,-1.0884150186388226,-0.761667905391204,-1.007923295300594,-1.0121065561753684,-0.42537392989259326,-0.9060505417464371
260,-0.051618109939663454,0.01654742186017616,0.9414099535278055,0.20295662089650102,1.124327030314223,0.8328866544026043
261,0.664653218451623,1.663987451489565,0.8567017299803509,1.7601219358423457,0.8363072906214508,0.5010803549405565
262,-0.05747415643363342,0.547178363588066,0.02352407726933796,0.29124937939797746,-1.5067884510406748,-0.2684179412587043
263,-0.6213712791671869,-0.2270576301734593,0.06841007282939804,0.1835625644805532,-0.358124362713991,-0.8237537747181708
264,-0.3657870689757053,-0.49022990094996416,-0.330326949923132,-0.2726611787877995,-0.2823662410748013,-0.9299316369381536
265,-0.5038181778082804,-0.8263175535598577,-0.2806046030613937,-1.2430809074805742,0.049622966580375405,-0.5621509743524525
266,-0.1615295729743419,-0.20732303695725526,0.6825471234207868,0.29619573088896006,0.1199032651568358,1.6718934226022033
267,-0.8877027882235996,-0.7623975520411925,-1.1787475571496722,-0.6431672040435948,-1.1432320025336884,-1.21388932399991
268,0.26414876144707217,0.8016570775618479,-0.1983796102519923,0.6818817728104466,-0.34510221235020677,0.07405772205300332
269,0.6157092292485885,0.7469262529746523,-0.16322866676088077,1.0624380074689161,0.25665584500126215,0.47678639667686895
270,-0.45235657877313,-0.23110295001083928,-0.1309670565502834,-1.0249843050177114,-0.7649141398400999,-0.8332255676829967
271,-0.5499297795347954,0.4374490335583906,-0.9440706701497039,0.5763242482419778,0.15932049675166104,-0.43554373985031775
272,-0.11128230946982577,0.5689789641393991,-0.7912899079574574,0.111825077714069,-1.4279075741905247,-0.9338621668386734
273,-0.32762811841167017,-0.029960243994256675,-0.4657936967294285,-0.7703474671710895,-0.8910192427962388,-1.1483418727318302
274,0.18074344573305395,0.9942083752320154,0.3300956810320947,0.9399957425076984,0.5058604579509588,-0.12745927759100806
275,-0.18863081096714918,-0.8210871091215801,-0.5542585998700462,-0.21175799075525764,-1.294969966169139,-1.0115067552570516
276,-0.2674959301326123,-0.47761877693608035,0.20963708590714286,-0.38175858858141387,-0.08894164421599726,0.4400651167277043
277,-0.45980817351415665,-0.5655390923487393,-0.006845148287099478,-0.614719327456906,0.1132434713330702,-0.3864824558992469
278,-0.24452862277996953,-0.17498767002211701,0.2863619549776345,-1.067073464601349,0.6863661174170953,0.1467199153346455
279,-0.21977017269234586,-0.33508530116350094,-0.898445227583001,0.40104397261075514,-0.1989444337187658,-0.37346160673664114
280,0.6221295235125714,0.07977792939319506,0.13678516415657982,1.6916721489084352,-0.07641847482077663,0.5481536861839682
281,-0.2401423565883728,-0.3602764509611224,0.2004519938881847,0.11304518838415611,0.10314429008852363,0.3700118696603012
282,0.023749315018843874,0.1634708639148483,0.7197078235293156,-0.529849698593105,0.9165806160236986,0.18851288261736998
283,-0.6266560345629766,-1.7572876044273815,-1.5017132758355352,-1.3297008846064275,-1.8385666358075121,-2.0169658989279875
284,0.3394436587174584,0.11171267327658815,-0.2678796622422819,0.9241448140693299,-0.06071583066663097,0.3520039884296206
285,0.3025801908078782,-0.07833035142068967,0.3386746614334,0.19595553238549035,0.9568763810815961,0.433372832421102
286,-0.8221342681327498,-0.8941005408504956,-1.4120682846392874,-0.6696192650370246,-1.2854561108573748,-0.9857493427807108
287,0.30596806823819045,0.8595135002646014,0.2649370782553776,0.5914830366308521,0.7271891117578988,0.7063023069393808
288,0.22365800706032862,0.3612825900420813,-0.11034264614094774,0.23629308873174626,-0.03130253037375007,-1.2206896391513662
289,0.6928257224793491,0.2449094465595299,0.7285375471656007,0.016644450555654167,0.8011606508437371,1.190970674120383
290,-0.16265419996212344,0.2652443888710611,-0.44807941000896245,0.4942131684378516,-0.7385499887257747,-0.9729213182964016
291,-0.037822506220870376,-0.0719832326294311,-0.18981498840514324,0.6503882952915157,0.46367073818572113,0.93618319856049
292,-0.5345063884130314,-0.7925593243967441,0.14418741143564373,-1.22316906661537,-0.03320643542225868,-0.33337056574694696
293,0.3705821261949115,0.5668908573857078,1.0741142430584372,-0.051176521242947026,1.0407785058102461,0.7836418615552849
294,-0.051812429491909354,-0.12365128448942211,-0.06439137990591237,-0.28357311525766143,0.008540431070109322,-0.7982911603834959
295,-0.1827379763690813,0.05153040748223356,-0.8643356990755,-0.4972110760660788,-0.41541023990176423,-0.48189929888304633
296,0.11778888214144355,-0.30197935793337,0.6341399050566131,0.12194542869011654,0.6939910398788988,0.6422539018664599
297,-0.8306554511364885,-0.9458241424022067,-0.5302876347926249,-1.4653349863006602,-0.1644705145835188,-0.7029413806018672
298,0.09923720282503354,-0.9109855323160202,1.0928737505979702,-0.5210511979489967,1.0965928013602417,1.3919605263707902
299,0.19461114935915638,0.2836783193063069,0.5713280956554171,-0.3575271028994197,0.5289854869835767,0.515908223031794
300,0.13869105408302634,-0.047161270075292056,-0.5201495879770026,-0.1891618931627625,-1.244042244739989,-1.0878546270861187
301,-0.2497486521005052,-0.3449504291533925,-0.3639277188008485,-0.6812756828605695,-0.6681008961729386,-1.2595890793506483
302,-0.46653553505771495,-0.012065709044926876,-0.1143646394591763,-0.6321401519501268,1.0674206306542349,0.6799606808519789
303,-0.011554018716224648,0.29473068960570337,0.6986453644486319,0.06735838474510311,1.5098004985064293,0.9404114041444794
304,0.3224233622166184,0.3401377735000625,-0.03609750870641548,-0.4127454350735038,-0.1438373086650167,0.4700724939335601
305,-0.004040517841538269,-0.5986809595264022,0.1286856503502406,-0.8119669253133261,0.2910486440983072,-0.04581644395015905
306,0.25255908228223467,0.37537179080163785,1.2229689107066912,-0.4427452437076261,0.9287029308834196,0.8275253373246125
307,-0.0361768830400239,0.5211570689559696,0.17988314233316793,-0.1496554980403372,-0.2948240801899236,-0.767239251689586
308,-0.2850843030685596,-0.7463650833845409,-0.42185483085105746,0.04025365388113766,0.19858907047619945,-0.15324910790258348
309,1.024544197986319,0.8544754380424686,1.975105551534981,0.4498303433495116,2.1804820188578637,1.917348370199642
310,-0.5422546302021033,-0.6736692227226097,-0.5416042728246176,-0.4437874988795042,-0.6673123515576925,-0.5430747298873241
311,-0.37819081543076427,-1.3730246734538918,-0.8954899809007738,-1.2148532792071185,-0.4351867069391397,-0.8594516734396591
312,0.8011043961227935,0.6258574653150019,0.13647751256542962,0.6770202884272394,0.27273636149624103,-0.38375692882115897
313,-0.8295511994079613,-0.5338024672786206,-1.2679563394225117,-0.2814478151603771,-0.6237007434492616,-0.4350409083771787
314,-0.2889335386954278,0.42813007091386013,-0.15705828487221057,0.5760814846155865,-0.8062217561724938,-0.2894578763694896
315,-0.28086247167111916,0.5999627717283429,-0.27683811588931345,0.001702370524829605,-1.1831695802320261,-0.5051430721934639
316,-0.30284669503531164,0.3489488005890335,-1.2723813684343603,0.1504549877603117,-1.6055485216834384,-0.8171689135627414
317,-0.33990100321466027,-0.274727846836732,-0.11875025553318644,-0.4081851869796331,-0.4246047871164582,0.5098935402572531
318,0.29129618323541046,-0.0162713930735483,0.26523146098810535,0.06857986536844739,0.5209222847546519,1.365782813492018
319,0.19773744569459306,0.6842275984882451,0.15503735462195187,0.5260227842314372,-0.5027385768324504,1.0717906034325662
320,-1.1217548817534522,-0.392454667938289,-0.922124644057787,-0.8911485740244249,-0.49053585578212816,-1.3364796446897063
321,0.6400052099540978,1.3555617572758973,0.5266315219447988,1.0594266048394503,0.5479133409292847,-0.3519870165224196
322,0.42077450338124917,0.9590883936119721,0.32315858314774387,0.32874451115134823,-0.19562946937493159,0.6333313988459323
323,0.11405426481941057,0.3781793658893134,-0.20954995539562227,0.020725488120034552,-0.8650256633190477,-0.9604232691227507
324,-0.5218241020730541,-0.4914005912242232,0.1133778938526494,-0.9342573455271201,-0.480545549494093,0.4233120162236771
325,0.7873113587192918,0.49544010261982296,0.320122134742935,1.123116075700076,0.6772289236566746,-0.08763619442627313
326,-0.025306144513909008,-0.11401769181883195,0.7842760400095713,-0.2663157831576534,1.0062869497607494,1.982900646415147
327,-0.26971511141809684,-0.2658729045037714,-0.1521703854430137,-0.49314687016098735,-1.2755041678526255,-0.640007855249779
328,-0.9216455333063313,-0.8101521089420715,-0.33950514609923976,-0.19190813228468084,-0.591071488778115,-0.7552646498358501
329,-0.13252070580674422,0.4060560215285869,-0.260897805115548,-0.04622840070331247,0.42763350202182454,-0.1328896114875771
330,0.4707761597290323,0.17777439300388143,0.5580639203139439,1.1927504281032046,-0.2400934238551934,0.6031440764899758
331,-0.2573788613417342,-0.20312286956847156,0.07341612070324288,-0.0028081884735011164,0.9487196429567454,0.21751549454123859
332,0.20373056012021676,0.07463208124474868,-0.037875867044626005,0.5359361141072743,0.10900716018950402,-0.45197911777842337
333,-0.38679647690082136,0.03844044312806577,-0.2899219617109608,0.054744771103914486,-0.4794257118016185,-0.5841948485002764
334,0.21530677909868165,0.07422643690103309,-0.563544710908243,0.14640617493136215,-0.5712499072633586,-0.3327720164957929
335,0.437847486797512,0.6972276489199853,0.48954513546314665,0.03655787789848719,0.42122695454338976,-0.6561194180315696
336,0.7017809844459618,0.9543829772282975,0.22951754781763273,1.1280530723258462,0.37549100672336144,0.19238523941758023
337,0.19510219106883336,-0.3347193950679242,-0.12977926849966998,0.12564788974460192,0.25346695798592594,0.3775017849606675
338,0.37961767571769267,-0.0669216250714495,0.88566347992568,0.4349659309591205,0.37459284529392556,0.22044049967809975
339,-0.710996145464288,-1.0397774126870845,-0.11417473039197346,-1.7853373817357623,0.0256748619191762,-0.12426862613482138
340,-0.2606637383851703,-0.3047864446236526,0.8163117225623938,-0.21855372259434075,1.1422232153029206,-0.07878467769809805
341,0.16404131840695213,-0.4127983390492608,0.43608147153521354,0.20297143966905157,0.6380558601435705,0.10675567291326016
342,-0.29461076568919853,-0.5015777689307309,-0.3559433800273908,-0.7753980028271736,-1.0211221245839268,0.5167575668838336
343,-0.9883158455095098,-1.0943013504854726,-1.4649408469516325,-1.909300108010088,-1.223689148312124,-2.2596657914967886
344,0.10776087120266817,0.16924691433969777,0.2548778375357948,0.10356548626220591,0.31365036141286995,-0.058967622646869056
345,0.6962724265743419,0.22218391828393924,0.9329239150167217,-0.0384360680344622,1.6622121966275296,1.36081274953125
346,-1.1574352911815957,-1.037121450075417,-1.3692563870465122,-1.477484714934556,-1.9062448313721925,-1.9324649295381617
347,-0.05188412796924451,0.6223726796489222,0.585575937067597,0.5353485205374541,-0.4839891082128356,0.7179182105595249
348,-0.5650440965406577,-0.3023531194782175,-0.23646476706712416,-0.12241957353560312,-1.3646621427811176,-0.9017130665119765
349,0.04578585461175371,0.9636351361906451,0.7500121451236995,0.18991015746462597,0.25180239673886107,0.7333314678055504
350,-0.3861690037535133,-0.22872155100403513,-1.1105950476027742,-0.9111299712375756,-1.6483305355511573,-1.8621801527407695
351,-0.06650703918580161,-0.24526865126020192,0.24462844200176007,0.46118335035085695,0.36569733839118523,-0.4773699898873666
352,0.9242550004709033,0.7583191615384379,0.08803182855522185,1.1432061270095608,0.29886040425479066,0.18750604384273176
353,-0.14706338261700402,0.37740009876014713,-0.401634738445533,0.4595399612624455,-0.6663649842880692,-0.719792400299437
354,0.42740210649051147,-0.2749177126048058,0.7846949047419591,0.7873604143338447,0.8314372848743702,0.9960274521835075
355,0.07313362717934983,-0.4008862710973407,-0.29586808004251225,-0.8980562753273238,-0.09643936698556688,-0.8472751022501774
356,0.017154206762854583,-0.6472134969849138,-0.2538566888188708,-0.46899484258138757,-0.12202114714843215,-0.06763107111129457
357,-0.01701119372895619,-0.9289896771637102,-0.38991025775606264,-0.2853124075574769,0.5195218310959255,-0.9168121032580704
358,-0.7590263708112365,-1.0256107698308894,-1.241736294541484,-1.2319491396829294,-0.3292618198982046,-0.18544961888751033
359,-0.4901386434670253,0.369003261254797,-0.334590255352015,-0.025151899571337046,-0.6459021250610288,-1.025157517864463
360,-0.13820495855414852,-1.0977821058577817,-0.36265594637666243,-0.544657400440392,0.6798325562161059,-0.268459952993255
361,0.9572901286564753,0.46524703654852945,1.5109431270306195,0.8550529683819346,1.2567084026581945,1.2053548317898832
362,-0.5601867138891609,-1.104581551807823,-0.525894449376018,-1.5481296611984567,-0.20119936136414085,-0.3660476781521354
363,-0.1048997711431215,-0.7336699070490411,0.8052491986151005,-0.6969996497749564,1.1226339993039618,1.1746454445889376
364,0.5495473805650652,1.0709432107255306,0.4847118457941987,0.3983868242947314,0.41047167599586687,-0.3079762132467176
365,-0.18074846101319614,-0.5095644714649379,0.30514207955397243,-0.32891725765552976,0.9790531829317779,0.8712740864083849
366,0.40089543151053,-0.10082401439779443,0.7326481292459011,1.0964802023393285,0.18275261184421399,1.007446097736298
367,0.47482885527838664,0.13482833126291927,0.8900950437081379,0.5947992548184844,0.9317751906629914,1.56577012449277
368,0.862718010678024,0.9180950387365325,1.46582741359517,0.20946627483936953,0.48111672374650316,1.873512889762584
369,0.5508239277126532,0.0577371123881279,-0.07202479539854056,0.6141652173314968,-0.3792956468066292,-0.5308112679214351
370,0.512820566223532,0.5622141937370054,0.2771659060009251,1.0451470959822582,0.16335526002010503,-0.27405515253612023
371,-0.314631210900454,-0.762417156525773,0.12267809284192921,-0.7762965455592377,-0.17657993932858868,0.28920786168942647
372,0.28408158047609017,0.3453990092267093,-0.006566341215067606,0.12438467048356028,0.02564024431792438,0.4884787169363341
373,0.3590321406440529,1.6411156630650516,0.7778658894308563,0.7004120642977586,0.7191332262491449,0.9837200566394508
374,0.5141167346026507,1.5641600688125894,0.8493187673238736,1.1027609287928415,0.6291418662590992,1.3554820973559498
375,-1.0686442624665302,-1.0924827181460932,-0.24993106424157407,-0.4241621794475505,-0.3567868907734979,-0.7001049256446018
376,0.015234074912474267,-0.0725282888924747,0.09889843851933758,0.16528657088792223,-0.30273564111429185,0.1298672500218544
377,0.011039539820563868,-0.7364807233962226,-0.34618441944318096,-0.7316885295850932,-0.7439520801503567,-0.7437505014569665
378,-0.226583117914867,-0.1556357755594886,-0.23321413593005522,0.267283425094518,-0.8747119200595401,0.362033396382879
379,-0.0991658030883132,0.8831530994314114,-0.6207326647384189,1.219808818694499,-1.4169113030840683,-1.1625576666121396
380,-0.6057124977409802,-1.2878264277741422,-0.3793381874198303,-1.1410298882423953,-0.29004076864845174,-0.24507106628836145
381,0.13222580097324257,0.809040274866477,-0.9508495995358647,0.7254802916688219,-0.6414895780578771,-1.2252209135643017
382,-0.7026646776914854,-1.4054668863054718,-0.780913658424737,-0.8852404756592085,-0.6123014878725157,-0.3815515475365109
383,-0.24977899261903955,-0.13177928077012616,-0.5379725732660801,0.38767840646994217,-0.22794229727213106,-0.5470502307844841
384,-0.6361993677943771,-0.6338043101090437,-1.018217769900538,-0.6036368958535707,-1.1173924364933652,-1.330522199800682
385,-0.65069398860236,-0.18087699982615296,-0.9084299687049389,0.01467330470278777,-1.1603851019348879,-1.0714458458269678
386,0.46713866912758195,0.43030144737800624,1.4961261761114657,0.8573261211838936,0.4897424019615817,0.6585429456884444
387,-0.13326338360085183,0.3268982835666419,-0.23949545909827427,0.20591724356110525,-0.2415859847796299,-0.6237023817465545
388,-1.0629770585909546,-1.2650260463735776,-0.1858738835046504,-1.4025927130268732,-0.9154942675438408,0.14618390199836895
389,-0.36818617019089933,0.47590131289783905,0.2858806268869483,-0.40185373770994604,1.233106291323231,0.17379949932430216
390,-0.11772462045471839,0.7393864015741074,0.14001397064226556,-0.8081630979457154,0.3488917406721378,1.0880590703310322
391,0.6528346836049663,0.705212306854271,0.8654372722545229,1.6712425845209173,1.2267742316887125,1.5375477517439542
392,0.7940528157973352,-0.0015721573416340728,1.2544132180322771,-0.24307275787354932,1.2414485657031087,1.8744334321704201
393,0.8793107025492526,0.6141969668799754,-0.05961101682944148,0.5582869212897321,-0.17094600536247115,-0.3854329782819761
394,0.025031449357029133,0.3472053105707055,-0.7368606825961025,0.20044822233364198,-0.39003026907561783,-1.0176332917965514
395,-0.6964938486230822,0.20201085763103843,0.1131726517317122,-1.283508346138066,-0.4102879973019179,-0.32392245572330397
396,-0.1947513356350773,-0.22249923226401833,-0.06465855055119282,-1.2609127442313617,0.014064689008657164,-1.4026430547014417
397,-1.2586306060460857,-0.9878744231835619,-1.4580110331858487,-1.8988064295507228,-1.6795897661711627,-2.0993420172641293
398,0.17643428943502049,-0.47633036705270637,0.010034084861760884,0.6861207939066032,-0.6850499391143585,-1.6439075968494723
399,0.2863702879664958,-0.7885293830126856,-0.2545371070518706,0.33910977157307154,-0.5126465260812215,-0.8412098888936941
400,-0.3405601586360881,-0.33543769493955033,-0.596124613957502,0.49611691933636626,-0.7626773369445917,-0.6255051003536234
401,-0.40517250612493716,0.039256467635873205,-0.7074261782459774,-0.24716014602149144,-0.23487437028245284,-0.88865816204482
402,-0.6923533464442727,-0.7839469633237426,-1.0846742398947014,0.2831245177202828,-0.9619490968106186,-0.8316092691083319
403,0.018063835004133142,0.22207046133478112,-0.313758563946834,0.12991282708477683,0.5993350748211548,0.20253488269367897
404,-0.05002313490370219,-0.09880963884287414,-0.4647265411757554,-0.05153943138598403,-0.05993201324216835,0.39134386975324614
405,0.09422861795701247,0.2699681558498717,0.09346933955000279,0.1015481746532703,0.28016667104410464,0.3133170973689805
406,0.4302872991465576,-0.10902760620082141,0.4437435158088209,0.9679535913283159,0.5572069836146168,-0.3523404532552472
407,-0.5432283324017136,-0.9009385752730354,-0.47375403247971587,-1.0450906319476232,0.046257253727613856,0.4023803786752652
408,-0.256819246122717,-0.9977192526616282,-0.10216659496156472,-0.7958522448520815,-0.2785522681298659,-0.19449794223030048
409,0.7629828818616011,1.2941168151426816,0.461198132295478,0.6501745135786177,1.1850705597243298,0.8166407493594322
410,-0.6013200836699928,-1.0909263564359999,-0.28046369115820363,-0.8366150021462138,-0.8583254133031564,0.12495378446754424
411,-0.3929094036626881,-0.6823007188317934,-0.006327374491764848,-0.32571517126621796,-0.35043083678606174,0.13570198052978383
412,0.17702593939198402,-0.058816102329029035,-0.597176479660307,-0.6191227166536761,-0.16656752558786025,0.04057246577667967
413,0.2946557943402266,0.2299858452369048,0.17629044200409758,1.2851463334286857,-0.0228804164222641,0.6937191862730476
414,0.638849484761382,1.2346030218969108,0.5194881325451444,0.7696549508267717,0.8273298936287264,-0.3143846758344657
415,-0.2488350746337032,-0.8939280286647868,-0.8736874107659138,-0.5872240556835036,-1.502927995671929,-0.4999179329369502
416,0.055781147457134125,0.14184269024697752,1.0845609598871422,-0.1890932037641016,0.569359872902705,0.8385447782271254
417,-0.03694715175275789,0.09715111062327758,-0.015692205863061887,-0.20556319757306948,-0.20328291918696634,0.20439441950928033
418,-0.8847607841492181,-0.38149108502238505,-1.6605278824238012,-0.8701903386147262,-2.2083074325643954,-1.6518056311701077
419,0.48313148415855217,-0.10071817836929925,1.4045763024530151,-0.3264669839135246,0.9428568846164931,0.6121812513597525
420,-0.30741618071545673,-0.06576571695948247,0.4967732614166491,0.12558387334660856,-0.27958221831604146,0.5019909758291035
421,0.7101340862142085,0.49142131652939924,-0.08278881893523882,1.8206748039003189,0.20929341134204987,0.7011946354235694
422,-0.5649064351457934,0.44368655066901963,-0.0427724493392746,-0.21192564923211168,-0.7346002093411506,-0.1427806072582773
423,-0.11655096540830209,-0.670963177522973,0.5436875901339738,-0.9023821580036382,0.18812255453891086,0.377584237274061
424,-0.06789660952434041,0.03563087313234464,-0.08891178738163343,-0.6883476656981596,-0.715688919450054,-0.24941786744115146
425,-0.19691018317703207,-1.2279884977256215,-0.3270709968918627,-0.9944453644171826,-0.7374677693620841,0.477545598454002
426,-0.7419299579872628,0.20870700823767807,-0.41902229041361877,-0.27477837679437744,-0.520274724948723,-0.34716788187494296
427,0.26310542543634724,0.841795631583327,-0.11328106704629393,0.3629505110888689,0.6203047328587401,0.48000542945818214
428,0.41648154135385274,0.4106039563868399,0.11224859248652574,0.8703650816427695,-0.6995409308393185,-0.4334738662059286
429,1.2935087122978328,1.632610716529235,1.4824430752613877,2.0991062086127297,1.6355576733971287,1.5255092799954983
430,-0.21214988589863026,-0.3277442195118274,-0.3342448872920708,0.008774143213390428,-0.352556767861444,0.14945449629388613
431,0.5336908989292453,0.6897815256417933,0.5224242184143764,1.1980872513812972,0.7221332845325926,1.1391285789385166
432,0.2928696473998981,0.4185073229409272,0.23566861063652333,0.40898517027812353,1.0134528382077597,0.5774004959179998
433,0.020252081559955788,0.681083847602269,0.804462782149951,0.20208149413032064,1.5555858715719144,0.7913354833987472
434,-0.49899285705979785,0.09926327387549289,-0.4897130922138346,-0.48083810596104015,-0.9242558433711594,0.3146111734640473
435,-0.7362173106763228,-1.0981997506924757,-1.5409619414593698,0.07635379503912021,-2.6937818077759568,-2.4576423982849387
436,-0.5033685315644622,-0.9407490301039693,-0.17973759246924426,-0.7526653161169623,0.07422525893955739,0.13771155498007084
437,-0.07758552598396466,-1.1533206414447248,0.10909055286684001,-0.03532579009606707,0.12143895669907981,-0.2742328476564043
438,-0.4167756907799198,-0.9525595145256095,-0.3149729374790649,-0.4662916492960435,-1.1266986331731554,-1.1036572028133058
439,0.563208822602431,0.5221735272107225,0.7543292209861749,0.5732535804690643,0.6723923858687286,0.24780391690119924
440,0.2562277861120879,0.8389904130430113,0.7243268911772572,0.2941899325517555,0.9058371765494362,2.223778491776388
441,0.5859564249644917,-0.03025307324493043,0.7711795809923048,0.7347899230788244,1.8694307675108215,1.5815678241384932
442,0.7216298436639207,0.7087868294064236,0.4397416452368438,0.3089315043706571,0.5195676358869725,0.9650210085064983
443,0.08233870563859462,0.35472119833810256,0.1999619439622139,0.4552183296001295,-0.18648893431482766,-0.11720248075444634
444,0.17186426230578034,-0.18286951599125706,0.6560628238635196,-0.3253450737236546,-0.08761978570411388,-0.26388450699255517
445,0.13395632388283019,-0.44548509177594964,0.962734222895207,-0.00566813338808847,1.25557483555741,1.7290879784277815
446,-0.14484963530313555,-0.46127772809230905,0.5473861401225633,-0.17299240723885617,0.12078200393777838,-0.24436145067125253
447,0.07147444809930666,-0.15295308280683423,1.0138141715420395,-1.3278376375812762,1.0061949470679934,1.9588352476569175
448,0.04689726008028052,-0.15236522678586267,-0.7562021962312268,-0.1671647326816904,-0.9483953549747818,-1.3290346941901872
449,0.4092240632283785,-0.8427941961578904,0.23642139170938528,-0.9634126042680419,0.0859177133501236,-0.71334377810166
450,0.5078260687259784,-0.14992530778192215,0.5415430641509241,0.07815692009645465,1.4005208678379883,1.7710926719958837
451,0.5874056192463689,0.6208728536596031,0.6818374418850369,0.5102630066014632,1.0082765237661173,2.1299168310279355
452,-0.15708185685521586,-0.04136127276751954,-0.5761893767655828,0.18087526750450153,-0.32486387340591366,0.14932353136484766
453,-0.8525294460703177,-1.3231706379567918,-1.3673681658772674,-0.9400600634055001,-1.0726502039949084,-0.5107032985975573
454,0.07036071390764247,-0.40320564173204787,-0.7472955755398686,0.32062661979175067,-1.4336057526472505,-0.9507847320415203
455,-0.20574912474945142,-0.0014056637867620458,-0.6388402239815801,-0.08285115091188891,-0.7869222342554668,-1.3696909442864607
456,1.4502611379794637,1.731690961075239,2.466824249338204,2.087623406923801,2.8473647146342507,2.774958776370005
457,-0.04233354364997373,-0.7501806026405314,-0.8669351443896602,0.30332978030153035,-0.8120345745925795,-0.9894537271771223
458,-0.44390928056578705,-0.4870573796539712,-0.6737800829416778,-0.638879202167232,-1.4713779293864118,-1.4807823710322356
459,0.4002379711533095,-0.015764829292151117,0.5072467740386064,-0.20306386909060956,-0.44401924419504046,-0.3299678294905351
460,-0.015149581647648243,-1.7636962341296512,0.16857202408788352,-1.1888381326881867,0.2680542567845261,0.4821444489499341
461,1.043260943526825,2.047868652057508,1.482928942610834,1.495135529320868,0.5610393045479011,0.71228708454529
462,0.5085620614439794,1.6836346764539762,-0.37070954923317734,1.3630532194874592,-0.512905218055954,-0.9220048858794321
463,0.31152900302255887,0.684633053783094,0.6499688785994584,-0.12112452001588714,0.6985284240771241,0.6412253049121469
464,-0.48826075074883485,-0.11837891680769058,-0.017971129780291584,-0.011586875747838787,-0.6582938146505086,-0.23774494831575496
465,-0.06526859003377397,0.04594359928606602,0.06151542254463127,0.17235046884213398,-0.2527733809941468,-0.17582744302263642
466,-0.007146293997870422,-0.023721930685636536,0.4095459696926954,0.24587372323238652,-0.13277996058898134,-0.33534162963961994
467,0.06210565263879402,-0.2561892190374842,0.19255653656706007,-0.015726906490700826,1.1988345331632713,-0.4356844656522356
468,0.45950764616772893,0.6992513211806795,0.7560836999280374,1.139269299970137,0.38076517037830354,0.34950768974699054
469,-0.2041145251457696,-0.07368320919137436,-0.6079941586262994,-0.21633646357884753,-1.1976071443270884,-0.7405033769100774
470,-0.4503079225057007,0.6731140734229941,0.4047256826213553,0.3520262653211568,0.4290272446400301,-0.010958181560527969
471,-0.2694621691603619,-1.4911490990584055,-0.7162989450777388,-1.0564456980533226,-0.6321082897428557,-0.6293094107847546
472,-0.6886884696639437,-1.7142737103552732,-0.4901358524244561,-1.5249739431362053,-0.5314869153173477,-0.1030446760002171
473,-0.02114061953140239,-0.09390752763093484,0.08987801968387707,0.2154052813233353,0.08878272859946,0.7302712187651159
474,0.12231341637442929,0.488032735597197,-0.1924020198849017,0.8377471976333466,-0.4298678064864097,0.5352656346012555
475,-0.067632672126902,0.10371947178548463,-0.5174974375843132,-0.39162031387764457,-1.079027238981795,-1.4609260639370962
476,1.0819392984051466,1.1233185981502938,0.8079800267899437,1.368618391683205,0.7665187962675856,0.9028359633040076
477,-0.31633153094838573,-0.9221326356096683,-1.2788357318196908,-0.8336595873821212,-0.7111061089712003,-0.8980040552143583
478,0.048438448479310996,0.6481718313709517,0.14533942566733948,1.0257044176500816,1.247998145426732,0.9142919279726407
479,0.20247710702297028,0.40864207510882744,-0.3390672901364691,0.31922231251035993,0.04357503452164768,-0.496607555826987
480,-0.7530839271606974,-0.6814839686166458,-0.7683860507959158,-1.072981057597215,-1.0334918635406058,-1.4831922662321606
481,-0.07336082482060412,-0.6743839559109996,0.2423890259710857,-0.372738170636055,-0.45236360440228696,0.2648102263650437
482,-1.0194651532792152,-1.0016220685834172,-1.5419276431654705,-0.43628930080260564,-1.8774421267149763,-1.3820674119502094
483,0.3398496818358028,-0.10899308000148838,0.09573918156551445,0.15828118712463068,-0.40989260119825155,0.6304020394367087
484,0.3069981114353549,0.22076283748524772,0.07874523897420979,0.24940379016730396,0.2588313577111075,-0.4076644578513069
485,-0.414269528122012,-1.2032759047932746,-0.4215585586285352,-1.1155074701820444,-0.7313751468372445,-0.3605936554156489
486,-0.3279275068877308,-0.14868469778478074,-0.5863327146003325,-0.7314998734779877,-0.6811288757263879,-1.4432607296015947
487,0.048874514011812024,0.07177625775015652,-0.2983456020675938,0.6712863076309524,-0.08296568147005853,-0.21838913570991597
488,-0.6071921906995489,1.097922402968503,-0.36210250601163924,-0.13358192712598682,0.24780128309262944,0.3375241914943505
489,-0.011598577571081986,0.23171666023848386,-0.04867467685342573,-0.18518614474319584,-0.17387110473284179,-0.894715245770264
490,0.627277557703964,0.7536713243748885,0.10493152207958123,1.1756691672133823,-1.0062138345938874,-0.19192850627651586
491,-0.3135931133940294,0.038853349933046344,-0.56388412211965,-1.1232292503919106,-0.30789569934449984,-0.415900716486778
492,-0.2208715754609086,-0.10602023020254021,-0.371645047422802,-0.40380374560321697,-0.23863918945642065,-0.2495166852762022
493,0.40421798188999103,0.5829612016020191,0.9871487377344975,0.19862405528253319,0.8729188538863664,1.5507342239475217
494,0.025572723733575713,-0.4917957592131345,0.0014212728137696466,-0.4364602134081471,-0.9639345214955931,-0.34116590106609324
495,0.46584344605880773,0.1094485357444338,-0.021993478762655005,-0.33996988579808884,-0.9637246225585056,-0.04315920644859356
496,0.4517642518807225,-0.3148658317949998,0.04564277179514331,0.04813007690763564,0.0123409674987629,-1.061829411964686
497,-0.7800879037272117,-0.21706107949727627,-1.4289598341350422,-0.12468114427932275,-1.9244968504906033,-1.280865468286116
498,-0.14563277425334017,1.0225847858467385,0.050579033263588924,0.5060307086015206,0.09545481504553319,0.2367951480074323
499,-0.4821439447759605,-0.31306120761469647,-1.1565178151631965,-0.0037571845399305692,-0.9098130521027619,-1.8204572396960192
