,0_0,1_0,0_1,1_1,0_2,1_2
0,-0.8592327652760636,0.08916573505125241,-0.6252761834848106,-0.3009622522706228,-0.6614937593394999,-0.49900447875504084
1,0.6065805791780592,0.5545957870881997,1.1423541114285714,0.02661026423317958,0.5584599422997301,-0.1298479970682908
2,-0.26116470463021807,0.0664905408905305,-1.2002325613479488,0.2523185284434608,-0.32639377821639665,0.046443100217664374
3,-0.1880281465679368,1.0763597600422101,-0.14694594585373374,0.559518047073978,0.017741469466530907,0.846643441834043
4,-0.8050000533401136,0.14089860117253386,-0.8488778591017057,-0.3740475464534011,-0.17617985556648907,-0.36466434042355417
5,0.2787295533820383,0.3252611820313819,0.7341140748485462,0.6617424251699807,0.8402559564441954,0.39939974248903504
6,0.5029972591137942,0.47357913200768287,0.48904346860998615,0.6095210022885643,1.0800480395443837,-0.4179397951212649
7,0.8836630208121888,-0.5678020515478688,0.2775386718832311,-0.06012517739250778,-0.09574035178359352,-0.36334031259475474
8,0.21843215107622954,-0.10654004457333412,0.9826453406837139,-0.9331281065194842,-0.635281545624179,-0.06476628043443633
9,-0.9257080826116857,0.4763319242894674,-1.7282465020264033,1.0794731909306845,-1.620568688421447,0.9746117653376482
10,-0.024482624121929093,-0.1780607028805173,0.13733909031242267,0.549542637988394,0.2853308072189625,0.18400858279049098
11,-0.4272502999192952,1.1663767970742944,-1.629240058809979,1.9020522968240745,-1.633061172690904,2.4032175457673386
12,-0.6100226727844602,0.3590481830314916,-0.17893171745116587,0.7682721772949062,-0.1967302633613556,0.7004123352184346
13,-0.5492330699430163,-0.1493645433376171,0.38266448369308903,-0.28480701509288453,0.4165569665402283,-0.12982365118830785
14,-0.18380545139258284,0.5541816991684196,0.09757675062012675,0.5010973183888208,-0.3452253703566749,0.7312404525199832
15,-0.2557663953929211,0.16245691552325098,-0.7194367675022062,0.46639200787722157,0.01798236549860649,0.2471619842363772
16,1.1520242168076977,0.3226448771706923,1.1519618926179411,0.3321874011322959,0.9393069575268109,-0.016267979475107497
17,-0.2538516608475239,-0.49161811261584665,-0.23179207398521004,-0.3342016832348679,0.3867032853684739,-0.43917863788284606
18,-0.4900715231726998,-0.7925016017822623,-0.7434199788219189,-0.3857600319039906,-0.7644600275308111,-0.26303092712439774
19,0.14388731998993595,1.048701894304904,0.5027952474267731,1.3912710192793571,-0.46723465873242137,1.3639622982555382
20,0.12310022278483061,-0.898940965867404,-0.17791233658904493,-0.8498310149844146,-0.06963193692716138,-0.40036192892276035
21,0.0738946201359785,-0.8442841879687715,0.9325733464443839,-1.2177732651533066,0.548526438503562,-0.5616456823442321
22,-0.8681913675523635,0.8470457427188943,-0.8503770188173776,0.5059050612783802,-1.2253615963491629,0.19330727728375047
23,0.06699941255517648,1.2084350019996564,-0.09607520352900674,1.437688318436542,-0.2625009934858544,0.6258366400350988
24,0.7211185129679588,-0.95134180062252,0.8789524930475785,-1.4688384877839562,-0.06879069598852483,-0.9513644869099629
25,0.4097527334042052,-0.39483604597332345,1.238309668378167,-1.0162508882082857,0.6133632507811168,-0.6108101630083177
26,0.03231072168826051,0.29452924568397676,-0.16484956503680123,0.4453666219949274,-0.24362703321730933,-0.08757572768371275
27,-0.09455699763179312,0.15658050008299768,-0.9379477227109024,-0.9790131254744645,0.07598624867467241,-0.5479455122403596
28,-0.3805055081501406,-0.6106426778096193,0.017525641759149668,-0.7022771189794194,-0.6115652543604082,-0.00355854765200736
29,0.11611249245013955,0.20564015932649127,-0.6466234298456359,-0.22829242836194752,-0.453600372881864,-0.3592938390623505
30,-0.17734841484312733,-0.4892499678105582,-0.9300901968181764,-0.22861862667017901,0.24933831584671762,-0.8640507807542919
31,0.1685820480047471,0.5150257996286927,-0.3287956559303291,0.7732384007054663,-0.2215340823878036,0.9299816677265651
32,-0.22042723276003298,0.44174218317801817,0.5110382181506904,0.9259936142810576,0.027310904699969885,1.240957422960721
33,-0.6309643015531126,0.10818817474090538,-1.0063424712017488,0.14622287290800723,-0.5597933459428287,-0.8412995839964811
34,-0.6217981139003299,0.707413361993113,-1.1815343511459382,1.250358001827911,-1.1561223810203018,0.6529105732276665
35,1.175731470292483,0.14311054565817893,0.9486913564581606,-0.22791583282022726,0.40834513316616294,0.31204954000270135
36,0.06325782444454894,0.5124506307318898,0.2984742968041485,-0.012228485651354815,0.4417168270641524,-0.3042253632129706
37,-0.02252688760570758,-0.12406156919917793,-0.47536594296802426,0.6673765689163058,-0.3465242810291362,-0.19494034616900535
38,1.0089879481821522,-0.5400420015068645,0.8167285396915699,-1.3787461744523932,0.170122266266175,-0.8152721396924233
39,-0.7826035739149713,-0.9821475411628614,-0.9895249905847607,-0.725631346244991,-1.1140416982294568,-0.47396887128779086
40,-0.21317475049660914,0.9818952519248126,0.8159749333267968,1.2154006423044232,0.20661588967176486,1.7077939161772295
41,0.9926202462932773,0.41421180994391404,2.310684024693691,0.7330660034617057,1.2283356563001044,0.5583445029907862
42,0.06759057783797098,-0.026394952445629092,0.04360544968229901,-0.6415600556658663,-0.10019105807680063,-0.20766378761785187
43,0.2555080702438789,-0.553125221355024,0.3315349216102724,-0.569256203180738,-0.6598662074117314,-0.5456321882936863
44,0.6927054945508194,-0.06638431048299621,0.9028495772781907,-0.04295534152090143,1.2847379531292944,0.40636566825782655
45,0.17264965929819096,0.21384822450956048,0.07393282438316272,0.3696011280664785,0.44999745421053683,0.6194713503686309
46,0.4866968037857853,0.5652669395212042,0.29281370305805526,0.47868185611617103,-0.13928276940346862,1.0812145083538072
47,-0.10729985207512649,-0.0486967665705548,-0.2958538716193615,-0.14388232981004428,-1.1715934365428686,-0.8467176257969882
48,0.03141259524657943,-0.5589299259128944,0.44068294176310674,-0.8781216316580605,0.38803503667651373,-1.4311365238822242
49,0.15388277090139416,0.5189231140072628,-0.16418800523961627,0.5265682008322762,-0.3015244756196911,1.169381964637842
50,0.8419814799330069,0.5297399645044268,0.9246835648323689,0.8934068371105787,0.8541219838227622,0.6764162048758441
51,0.9725550112179105,0.1408048022756402,0.47328986454803396,-0.16966830271544656,0.5064673162879991,0.08444523967487598
52,-0.7774311493001043,0.7085396409528533,-0.4214684253822404,0.838601252222164,-0.5460905927230976,0.5755235608511223
53,-0.4723401803401955,0.07783294953534728,-0.12248893499536295,0.5348916540048413,0.23882717602332837,0.054559126060405694
54,-0.07621792500172314,-0.04558593272831245,-0.30034426090599664,-1.1830958687017281,-0.4258862485268575,-0.902901098427149
55,-0.09192858603982246,0.07048749724223001,0.7336861327925966,-0.5692540033861311,0.9384592652129211,-0.05089692362514353
56,-0.3717834155899894,0.757357893682786,-1.074388143628425,0.9204498471634196,-0.8553809601515103,0.34197639190318796
57,-0.3125835158486752,-0.8831298661362197,-0.6834056374742692,-1.2776878399116787,-0.5208205625788321,-1.5837708362941858
58,-0.7276076503665467,-0.37894616208986676,-0.5651154383226668,-0.21113989895647892,0.46659906762150105,-0.015264802921105436
59,0.9651894908460953,-0.4471967328372084,1.1757575823786306,0.04437663657334079,-0.20400571361064013,-0.48488632874058757
60,0.12574708473433352,0.2492715273503624,-0.33252288525609663,0.23083163911789117,-0.7434178470362132,1.0542165922200786
61,0.8904468099296081,0.5756391124730807,0.9821218600522421,0.7219439471772855,-0.15885809053149424,1.0987219927317695
62,-0.7857177750840355,-0.1975766185140862,-0.2592040026235378,-0.10227172037368783,0.1598025835528284,-0.2997725863132677
63,-0.03229159926024381,0.9339315071218789,-0.32513046439880006,-0.3328215114655716,-0.8863577503848113,1.2868423028434535
64,0.3159983675544902,-0.07854640732705423,0.4129203597495812,-0.20130059742582473,0.25156192835371716,-0.2229921223029263
65,0.6375233300551564,0.5261852401328734,0.5756769498837866,0.5336199292974911,-0.3692037214959626,0.8120817553250628
66,-0.028483711792758878,0.32706539282374736,0.2255014919198139,-0.31367804436170676,-1.412843989702024,-0.24357604890466367
67,-0.5480431155545463,0.8272310572582077,-0.782525787230848,0.7853390908089543,-0.48985313930970026,0.9935607310287053
68,-0.5292743499030076,-0.06953461142297745,0.05958906134025499,0.029960594694349238,-1.186284285970768,0.5966979878136137
69,-0.5539072354029992,0.42319750036173887,-0.23624543754224853,0.2708067854771037,-0.5681092200557497,0.20565542903293554
70,-0.40848505755623754,0.15993969831507188,-0.311126300672506,0.323746379313096,-0.7546396776259026,0.05524137948986976
71,0.26529844311766687,-0.2525395319667918,0.7918269196223848,-0.10109153021199074,1.055188191977438,-0.05389956782103894
72,-0.27775978739068885,0.42196009938811235,-0.4971340437016757,0.27576961518367404,-0.7704444202961249,1.1660520072488998
73,0.1670842217062582,-0.7502444841445212,-0.15740969258358573,-0.25250898361931945,0.1986062999298258,0.23733048768064002
74,-0.39916921774125075,0.12843167241919562,-0.6896569080299395,-0.39698108690937817,-0.4822696906594527,-0.4623421234299806
75,-0.35153365935334735,-0.5567899166290394,-0.07681911560498444,-1.285584529640738,-1.130010881651319,-0.3287130020220683
76,0.6518670909464227,-1.2576054431447405,-0.06037568187608833,-1.3969077549201643,0.6162713185356218,-1.0474183841357332
77,-0.42039416500646365,-0.7450079253548711,0.433887027811211,-0.057933146804146185,0.7963420627842843,-0.23032615874132936
78,0.4542381965943433,-0.07636253732985032,0.376499747901591,-0.05527346061751625,-0.16560739769266447,0.03852818314513379
79,0.6896718153607703,-0.42544976696398795,1.1042030267123013,-0.8869237049180833,0.5489101861330637,0.2876135670890463
80,-0.11184580823972648,-0.411213012231349,-0.8432838980629772,-0.40294478806564016,0.20545231500885636,-0.17590680554727697
81,-0.07179184129506727,-0.5580205899513042,-0.5856080392778431,-0.9746633990870139,-0.7864102851002356,-1.0463401213203736
82,0.049356375430247436,-0.01123509217544,0.21347338666490584,0.37954474833538254,-0.3031751862576147,0.41190326248947606
83,-0.7029412778472209,-0.20747761936881923,-1.069015668646354,-1.1828600618994134,-1.0917306204676887,-0.9758202580605103
84,-0.3594040869937323,0.22130567955235164,-0.5730125761687106,-0.04983610253598325,-0.2815397263719738,0.07179868427829685
85,-0.001914424806571027,0.13942070864480716,0.10214047156384412,1.011355035362095,-0.006819312252982775,1.0354027438113378
86,-0.08351732325075682,0.514845589607938,0.2613113570235133,0.4725949102203226,0.32069717252455404,0.3208506341974565
87,0.38130530786608235,-0.4524848175530697,0.30241660052410807,0.510609520575156,0.773322866892016,0.4222712069614084
88,-0.6737959457848326,0.0975625890232137,-0.5627228567594191,0.18858149755367482,-0.932332712488892,1.0653018700247072
89,0.8579314092083714,-0.05543697501901172,0.9226444364505509,-0.38791919688083526,0.012513504515721752,-0.9954763583665935
90,-0.5145912210346162,-0.09903540953304435,-0.6012810466332124,0.6880083802917165,-0.5669805917051436,0.5091095288499963
91,-0.3070479272788782,0.18861029013163208,-0.743007901599636,0.9634157838455272,-0.4618390137953989,0.6173152946217926
92,0.3122698497304415,0.4733386133730227,0.6332733304670372,0.8500532863405488,0.8568291906747951,0.7369904667199451
93,0.1909366968631435,-0.06708472597372736,-0.20875078038808628,-0.1830719004607616,-0.2570339921019189,-0.1769274609382725
94,-0.27540364727041067,-0.19191331796752067,-0.2878886730609658,-0.05613433510889812,-1.0820585187050284,1.2374528947106347
95,0.14461622525574172,0.695159695781488,-0.41744582796539986,1.2016124257321166,0.3061927697416447,1.461750078586055
96,-1.0644571248550514,-0.8625155996876871,-1.2985882955884898,-0.623572315280627,-1.0724595343177505,-1.7369629985186053
97,-0.22362003757412546,-0.2066322597845,-0.4097753331521975,-0.6482111686094312,-0.7402904840312534,-0.1495014677781591
98,-0.6795259919741578,0.4524245134173914,-1.2060355861139838,0.02587461175396577,-1.8980820582134275,1.6494204069885903
99,0.8768872328204146,-1.1170693529911984,0.9036274414753109,-1.1523049832216001,1.3313452653305051,-1.5396752606566246
100,0.22891213721781564,0.495048060532762,-0.08131963478490553,0.9894074950268059,-0.3799572660946321,0.6536655485705107
101,0.07226424381312352,-0.010978783774510741,1.3165301157149814,-0.904829844031414,1.5360862986483586,-0.1963478386278545
102,-0.18498909532183314,0.7841917191684966,0.6008494102047653,1.4092157558855454,0.1006209965721202,1.2932626134010003
103,-0.456219009828028,-0.3329293899661665,-0.3744662221634203,-1.8781079434073287,-0.405382853419566,-1.1970766232536523
104,0.3042378613998952,0.7272728140072741,-0.9843137931367172,0.04594149371871392,0.022988848744856183,0.29229349186936177
105,0.3236638250379605,0.479978990602573,0.13841414993096485,0.013774941491323023,0.4254127399355453,0.15422219790441738
106,-0.05389907509311702,0.054668609047702474,0.06696963377739434,0.30494658192486207,0.6291443211975809,0.6241792374710833
107,-0.5273512506967271,-0.29397880977151825,0.20821475255270017,-0.5744147784329929,-0.2037595457211324,-0.12326668185029688
108,0.6005804169624251,0.2052970393231346,-0.21009769986666127,-0.34812321090761267,1.080203371553543,0.36370898667599033
109,-0.39916486214457186,0.24170844253973572,0.0725910242434174,0.12520503720171414,-0.583780292213451,0.23472852144628184
110,0.38972658684115097,0.07799487963026874,0.2653529353707773,-0.06115519535964051,0.8884003562743561,-0.11778586135623485
111,0.6663935844588517,-0.018798797902933057,0.6503185039958246,0.7108970451412457,0.7266367762029574,0.4015942969718579
112,-0.07378352947212216,-0.7519902504178804,-0.058565075717545476,-1.1348558470713188,-0.49921081260489975,-1.2303727571838627
113,-0.011243061598298253,-0.4696208356674656,0.3458151045774658,-0.28476303291326943,0.33741627296137056,0.44635122812174405
114,-0.00526358964237374,0.5416157235589382,0.36669352362381924,1.1908589437530728,-0.5447375078863135,0.861152084246444
115,0.22003918998014738,0.15680555021971002,0.5890102614988093,0.5902271557167086,0.8160493107332846,-0.7683624829585394
116,-0.10691078362457204,0.69922467858045,-0.5575227157658803,1.4703176311685537,0.017617188591073807,1.777645920959546
117,-0.016140853960937646,-0.4848721710167857,0.03084887838251236,-1.0036235862931093,1.0726262555370984,-0.9535163105040099
118,-0.17939805018263372,0.1687660871339384,0.01820800707760989,0.40856042137828896,0.13175624576498088,0.9070411390964426
119,-0.18652577753852148,-1.2686994007917474,0.35833151077128034,-1.056108068195347,0.29848549192526835,-0.9918324414526267
120,-0.35292958825745846,0.3566514541568941,0.5374744623850755,-0.7014435390653702,-0.5031534636819364,-0.20894167287834733
121,-0.077444615090265,-0.06615247494879156,0.23821524989446108,0.7056021886234873,0.3056844000680662,0.960306675173291
122,-0.8029143735350934,0.3904336065623934,-1.0551229502683332,0.6183876588178133,-0.8307380087781884,-0.09103166370411186
123,-0.6547584695319209,-0.284444873385297,0.6482979627668752,0.11379971560041263,0.37786033515812134,0.12994578131766846
124,-0.8357769480797925,-0.027264649858092137,-1.0794968962082987,0.3875861500428664,-1.6142592989535034,0.9438371327155481
125,0.32187472464038536,-0.972236098327457,-0.04800282250655474,-1.0353715440883513,0.4748054194298623,-1.6102805206793902
126,-0.23619065288115612,0.208945939882658,-0.48229768195909106,-0.026904269621496557,-0.2320474892745746,0.01325180076771279
127,-0.2135198141047698,0.42278018503830317,-1.4449448169024457,0.3020427760979736,-1.360272308383033,0.3617340084202368
128,-0.7242198354471038,-0.2851426974758338,-0.4802571581523999,0.06297828459347626,-1.4043938632022432,-0.26658108329716446
129,-0.16360559189644366,-0.4918062162411288,-0.3269884884285214,0.00381906792677994,0.7330371603476569,-0.6709931709901886
130,0.33590524353088613,-0.24337789809072044,0.742613495976596,0.12372422003838732,0.41817182099180744,-0.6368161212049989
131,0.13914699929172364,0.2266366685131214,-0.7609655542577531,-0.003549783245556437,-0.6720161511054447,0.3519044647252544
132,-0.24237544697122154,-1.2211322986485271,0.163844589179776,-1.393184429818831,-0.14486712927244438,-0.7175157030525435
133,0.7268116828406769,-0.5676019570898188,0.6388668426156694,-0.33128079104085306,-0.2754329457040243,-0.7779128449655595
134,0.860160115982281,0.356571340018016,1.4935082078754465,0.41460580965036514,1.0172242004328824,1.0959579097350887
135,-0.24015921797118864,-0.17491734064469658,0.34709549343090196,0.2836678954256202,0.4657227656123327,1.4065427982809993
136,-0.5889219607671908,-0.5248154898753776,-0.9947878897869378,-0.9577923956809774,-1.9877373609479232,-1.0136508201524663
137,0.43771831879829565,-0.16587112366920428,0.9893763342046036,-1.1457555736970935,-0.38104682060679007,-0.1169297115223008
138,0.26351677026955117,-0.5303399903147794,0.34264298951600114,0.3294521648958405,0.6804535817550672,0.12259288708363186
139,-0.2729221986502961,0.4060066021563177,0.0461600840279065,1.799125999808393,0.17206009139895584,1.045410829857445
140,-0.0009421654443541701,0.3138480921612975,0.16864941183418827,0.35914480442125474,-1.3923721454537106,1.3228325867560708
141,-0.26500773034840086,0.7869205243001862,-0.36122166196548494,0.2944092884475807,0.6066755686502654,0.5703006088218582
142,0.24149114064989002,0.4462277434776723,-0.03539784150049391,1.383930799440524,0.3336794975423435,0.9371211397218894
143,-0.19617283304183175,0.2516025150840065,0.16472414295113452,0.5332766702956206,-0.09298372042638124,0.10272604913051309
144,-0.7808511079600201,-0.8184021682400016,-0.5378274122753569,-0.4058589813971797,-0.6842895013858371,-0.1914408414802018
145,0.0868829619970856,0.10777949676166046,0.17520085284002263,-0.10477840261882188,0.6555264491725684,0.05524788483579547
146,-0.7262816168501712,-0.1711281744375213,-1.0639914271917001,0.4621068626077831,-0.5287485900260065,1.0137933473369303
147,0.5899421201522037,-0.2122918517121402,0.39810285340857676,-0.20683639891811034,0.842368184195486,-0.9732791678275012
148,-0.20036668572103847,0.09109556680788186,-0.7217056075384998,-0.0017852101382458685,-1.0277034508255731,-0.06282183923912812
149,-0.2525185722958714,-0.2716403154178373,0.5648061461090225,0.08709897770182395,0.43220345704454277,-0.259991389579365
150,-0.2376436378814641,-1.189514385764664,0.213452962386585,-1.689759912057672,0.5647763421327812,-1.8866575016669234
151,-0.20006768081068976,-0.302516107577553,0.48924892517057933,-0.11202436505733113,-0.17643152410649537,-1.0972197403769375
152,-0.048983151838993336,0.069873021186254,0.15821629010260707,0.9210144516227208,-1.0513824750655152,0.45888985550582306
153,0.018994666633622623,-0.732981535053477,0.6867699960483247,-0.8869198058060543,0.5008177795915765,-0.7476741104210038
154,0.07098080945167502,-0.4290745908660759,0.28052180088680184,0.21158486580003022,0.24618318327102442,-0.08653559140615616
155,0.5327709693470997,-0.08123819374534924,0.3917223412425234,-0.7787652655314251,0.45971091313355666,-0.36396868729018644
156,-0.34075320106674284,0.03305397639672528,-0.6473511325441628,0.14383832964421972,-0.5193514750283589,0.1307893204640526
157,-0.1607333448645741,0.33583114030061323,0.19003541963159218,0.9917345927647357,-0.1945084179953595,0.5139126951775509
158,0.5438611772403793,-0.6254383771734334,1.0567341260809184,-0.6770537846887964,1.215576828738231,-1.327535254253911
159,-0.402878986503509,0.03566248997177145,-0.033617508042798394,-0.5108745759500506,0.2014974158652573,0.13050585675444282
160,0.05367165311217329,0.09245466170863414,-0.05369877008119963,0.1027485991398723,-0.45950098727539207,-1.478254704832042
161,-0.07003785518324791,0.2679819534057906,0.8422697995750177,-0.2616347474871686,0.22693567244027885,-0.251263381665847
162,0.4305150718997638,-0.22174327073177927,-0.0245322763093615,-1.037740113406405,0.8039472841012589,-0.5175527154413658
163,0.09978245877159937,0.9839454194785119,0.6465340307748861,2.0155508425500046,0.26364803018101224,2.2411606758756206
164,0.4309488265126454,0.6733571840987321,0.22355861725309983,1.1669374256277765,0.039434248511622194,0.6642119418306585
165,-0.048068722982895565,0.19539827032052295,0.21219045553787935,0.6446312370771553,0.34193763906689556,0.9574268849605766
166,0.2012857486060819,0.08899695842600533,0.5873110905887938,-0.0333886996230556,0.8457019349170284,0.5707534040483833
167,-0.09553684825639182,-0.23503991022356854,-0.762229006501306,-0.5829087805280204,-0.7410741395124507,0.31022582960706957
168,-0.5957190941756979,0.6262486278311852,-1.3494587653695849,-0.022480635993431086,-0.7645472977899235,1.0111393138412583
169,0.5884871628019782,0.19689125336549204,-0.5507521531301339,-0.28207589499432084,0.28740308137469783,0.14799094795270062
170,0.6501251004878068,-0.558043787856024,1.486014711955834,0.059514796125601066,0.5214978842372174,-0.1864410020871674
171,-0.09157214745580856,-0.09483944840490238,-0.15275123011185687,-0.656215957621338,-0.18760072942611972,-1.0515595506977404
172,0.029990889577409027,-0.19918777120838177,0.5940119495614453,-0.731120140803089,0.4742979932694366,-0.3859277127035132
173,0.5369599424551149,-0.18477347574837477,0.13540784468344264,-0.3933566148943637,0.47749994037085186,-0.5889445725808391
174,0.7178241980414961,0.22467667176060452,1.031266362552651,0.6798939407483855,0.8917040924449904,0.2076944513829765
175,-0.27542256485808314,0.0016470167772271037,-0.41925063788437456,-0.30389199161522595,-0.2453135283801698,-1.266219629467902
176,-0.20224307692524138,-0.8659069194167608,-0.20089624661374583,-1.434745395317845,0.657355550242283,-1.0387741950022957
177,-0.45873627978868137,0.6853500171770786,-0.3149425167621017,1.5647830547704986,-0.0406359107410007,1.5852929292372289
178,0.24625062171323817,-0.40684343753903174,-0.11939491756891704,0.12944923899482919,-0.3149949149117582,-0.2932086852323579
179,0.7644874996997362,0.6109845284372273,1.3395013476157556,-0.5812708155672577,0.611565440803316,-0.0018371984504968013
180,-0.30423010030403264,0.477398183141243,-0.4238908376881366,0.2121039234311735,-0.9141207552211543,0.13047835380850348
181,0.5224177885515172,-0.13283105160685899,1.398199871377436,0.318821590676088,1.0665650275320502,-0.3796869021126256
182,0.434473592823084,-0.7910458797143876,1.2869334318651395,-0.5753602024104364,0.60557195666006,-0.9120529288943581
183,0.19256735083102763,-0.23186164653352145,-0.912164793082146,-0.07386254446247931,-1.0513269570194463,-0.3571541222599153
184,-0.595626956298849,0.6640251880348579,-0.2425394952869307,0.44661656738126865,0.028635993565408746,-0.29014020940123453
185,0.9538467337276308,-0.540128442226731,0.6202816762892749,-0.5436553736568371,0.9218744972690166,-0.8692752463103282
186,-0.08519007207743975,-0.6425375973245959,-0.07358569272478473,-0.19646340894081887,-0.6371722103573674,-0.8804476995835095
187,0.1538039178337958,-0.34846111434785715,-0.34346182170172157,-0.20115868513856686,0.4363731738411615,0.41586343236336665
188,-0.7402288210983217,-0.1829073797060016,-0.7319741078491914,-0.8039825792151345,-0.48616008374947284,0.05362800287140829
189,-0.32340495066639674,0.0891961285908708,-0.3914686302772872,-0.5779714111415842,-0.6207767321752453,0.049617794148389904
190,-0.8651457720531952,0.23663282458373466,-1.255794786899206,-0.13831051521927504,-1.1298146728906802,-0.43685657391636035
191,-0.06074468553389335,0.14877237522578826,-0.7054719696517631,0.06991653229585106,0.21280751615754034,-0.06500374915813195
192,-0.7147375784077572,-1.0483862615801736,-0.9876753294185152,-1.845981641499073,-0.7632770841260551,-1.488175387592716
193,0.03252604898377525,0.3136154596247868,0.3214634747314618,0.11621171547747752,-0.17629201389310478,-0.08941596740243585
194,-0.2781540447208823,-0.4933445903375943,-0.22226794533000466,-0.6499542431570491,-0.2184368534990338,-0.21246924781983817
195,0.29970970765485533,0.28633393313934363,0.8172509424481555,-0.34013120174004496,0.7728559150277154,-0.40095303100190555
196,-0.13819276659483726,-0.4334392689145167,0.8732593490075264,-0.7994011482461936,1.2906817833563073,-0.8031221629364447
197,0.16320363891167358,-0.8783411429648431,0.6252552911187015,-0.19752049312324704,-0.011447470170260488,-0.4805244699885738
198,-0.7107978534897229,0.5031158073763676,0.7840473778467724,0.5067300494711915,-0.07997255532191785,0.03473459245825905
199,0.2273905695750989,-0.625883045186832,0.24996563253728363,-0.6318100722537512,0.9633335842728117,-0.40302848271118824
200,-0.19075959987391064,0.3309120664563299,0.06586743169795614,0.9760847068658904,-0.06092301911094329,1.311021075406661
201,0.013110013577166204,0.06993078227454678,-0.22948482337048537,-0.10697149937129678,-0.9423650017348417,0.9606062553103056
202,0.7371695928902435,-0.21181268984267995,0.6440440494062332,-0.032703655896276496,1.5685824968284807,-0.572236912522567
203,0.0330043577517665,0.6018159254428118,-1.2732279718089952,0.8023368459208489,-0.5200525395963018,0.5476545624054784
204,0.014969894938037735,-0.30574537791945405,0.47211602205155767,-0.18003139747847452,-0.3522876665695508,-0.148295174423448
205,-0.6544625893214598,-0.8822911157096375,-1.1528159188164264,-0.23857289793020775,-0.17140073446660486,0.16287711721792864
206,-0.9721108544134666,-0.17531563755556132,-1.5916223359045052,-0.5130126351309162,-0.8586256963840282,-0.20675184893479023
207,0.7932118801595212,-0.09425826880345071,1.0731233584402742,0.3330314002724668,1.8680987027701188,-0.4078947057764155
208,-0.42870325735329967,-0.13271792422367718,-0.37069925655102814,-0.423623880768876,-0.5022622716613748,0.4487018260543907
209,0.7834228323507522,-0.675700124849603,0.7379633728096948,-0.8374883008964938,0.5883958812008385,-0.372600843291374
210,0.05240019756096894,0.12463273017412378,-0.17230913853703925,-0.006679704739622802,0.09502985655174831,-0.2311109429197826
211,-0.49581078137388923,0.009967154702901776,-0.8235949910264175,0.11964067962087678,-0.43564752748044167,-0.5501051173533611
212,-0.08662590928439638,-0.5201292215821965,0.5683830633882263,-0.7704474335722695,0.5519758588205459,-0.5578439909600681
213,0.030600696476468126,-0.3280811775602967,-0.3080142752942387,-0.40289154782681413,-0.8740743490133686,-0.5301465942259284
214,0.48864683560284383,-0.43095675871346545,0.9729511933380033,-0.6993970115597477,0.926416672113375,-1.3216997930088548
215,0.1447288805358067,-0.15650533550573278,0.8431203810124176,-0.22285138309297103,0.6301322067023707,-0.725009025527686
216,-0.18336352541834167,-0.8457442359134189,-0.5187662505198839,-0.9275821753050589,-0.46876720262870974,-0.13995335153509592
217,-0.15613492336421037,0.35799240041051766,0.17883002416395832,0.813793792116215,0.06747290380501912,0.44006222679538765
218,0.36664176356277883,-0.619687405191091,-0.4866069608198626,-0.8115963238197231,0.3283963204596438,-0.15436825284368882
219,-0.06121586710154077,-0.635943413845889,0.06179947582714257,-0.7525924489365018,-0.6108880305970117,-0.2905293143275468
220,-0.3067129287197754,0.22214455526689458,0.1755155741605962,0.6530901739450004,-0.24612677399374375,1.1433218321620258
221,1.0161396160546197,-0.24060998661079422,0.32433675239241133,0.10955930154350227,0.14047025355401244,-0.14587829929022217
222,0.32488338573903297,-0.2689097794656064,-0.007829416562138813,-0.9396204484284558,-1.1150128985307577,-1.112471997420272
223,0.03122593441706822,-0.5320676149140109,-0.24090347417839247,-1.0094508512125027,-0.44088124235482395,-0.7958465030917767
224,-0.33105264306746407,-0.0394717741374288,-0.6340880068879736,0.3136505915973072,-0.8500984650641779,0.496506561185286
225,0.8852648689131416,0.022624656094281128,0.20885473969514323,-0.4110250851010449,-0.06950665269014378,0.04847048306609161
226,0.6802513444557122,0.0747020575593463,0.3697743172913427,-0.5164343983574126,0.5199931779701684,-0.4252944559628262
227,-0.4931120451558233,-0.3485306670055495,-0.18504245723435958,-0.42455931645950473,-0.9771198216485961,0.07739701615185546
228,0.18514716379840745,0.4655467973576817,0.9790061322185386,0.010558660894333105,0.7947315194120927,0.5012565799384882
229,-0.9325209755111123,-0.039780778083629925,-1.663354763821185,0.9836004157259968,-1.493075264325487,0.2533605986698825
230,0.29916032509420354,0.04880070305477065,0.7466010536915462,-0.473674548422287,0.22911696644010754,0.16118574764636956
231,-0.5597266460570328,1.1980638281174112,-1.6005468273893864,1.2990251332036573,-0.5868897107203692,0.09524074653544612
232,0.6008848393134292,-0.09952700643732357,1.163545020294655,-0.09301026952499863,1.2738259370940326,0.07905629936697382
233,0.18655132252843465,0.06642083825723934,-0.03360859655683171,-0.28938913809289685,-0.29476995325638666,0.44545465012646346
234,-0.7150923362587893,0.23956197542714794,-0.912199901442377,0.6057877865184718,-0.6817124994103184,0.1272688802739681
235,0.5029126642399573,0.41075371757060614,0.36790302789416685,0.7888348831868796,0.013168957037668905,0.4904978327527542
236,-0.42527861204605416,0.36244722376317173,-0.3852420453739524,0.231631424287363,-0.975511376247572,0.900102431073564
237,0.01804887622046686,-0.2639172736570286,-1.153911361793025,-0.5206482406996031,-0.9127651328314852,-0.40518320701333477
238,-0.3557694205824307,0.39166852488910436,-0.11686448088897683,1.5234071382220271,-0.21999012372732774,1.1464202186473753
239,0.11988080737558751,0.2850423090168435,0.22940756794414632,0.15565388715615558,-0.3919567342657424,-0.11518730359163812
240,-0.1470160199819409,-0.20393135395097237,0.8618372219922844,-0.1141562437590648,0.32452201131449876,0.27324761640241413
241,-0.03500868010673201,0.17309967490640346,-0.19528009186100315,0.5382350815072926,0.4437517189250759,-0.036259229640818735
242,-0.27258591274499444,-0.38104718564325724,-1.1426791116345112,-0.4930321619626676,-1.398073913740896,0.3405353556695715
243,-0.21539557690772548,0.6695320979741844,-0.08861015318701682,0.039991977649581734,-0.08542481247903659,0.8884894328121193
244,0.48596832707841386,-0.10034044992908527,0.8621987375390462,0.1462587837476394,0.907059372603488,-0.0820616162813268
245,-0.6227505382016285,-0.589486693044836,-0.01838408132529612,-1.0742753572670933,-0.12073927683338789,-1.8255723988262962
246,-0.19794029975745947,0.11478032244440257,-0.3755021794292155,-0.08516394489851635,-0.8461038597559812,0.7249361566120462
247,0.34520008206941816,0.9192726752623752,-0.24496480866023634,1.8337945139059002,0.7205418332966504,0.9653592362650384
248,-0.615049441413239,0.28472999179261615,-0.31484346093517956,1.1637260077923997,0.6638366798049001,0.6840921065319817
249,-0.20651306661141097,-0.5748630332464164,-0.4743632407755224,0.23392772980276022,-1.7624297545351595,-0.5569618007278951
250,0.027638408240302025,0.20137114744447662,0.04087794287045871,0.2215972055273721,0.06363274488467097,0.5246688817665492
251,-1.1132918690628764,0.04132717938853628,-1.3229606353894203,0.061008766980043386,-1.7030728446245995,-0.32848766576065264
252,0.6300308445972262,-0.1293149730449122,0.5956227089588272,0.35278313375834425,0.4319092701330919,-0.4387191942861028
253,0.8055609321538701,0.20711072596568056,0.48100868132059876,-0.31293969359360285,0.5582968579330589,0.05100150852760141
254,0.1014006071169525,-0.3282649650401371,-0.1388863328199879,-0.8904347956099408,0.1185852297319279,-0.9824947352062021
255,0.4924567993672539,0.19983510038124372,-0.2097817669062924,0.31798709107123163,-0.33819748231237734,1.169994564764964
256,-0.3972397333100741,-0.246013913993487,-0.41011156291720563,-0.276532545805679,-1.0379261412524459,-0.46540629218839
257,-0.015616301836458353,0.4416642272045476,-0.3472104169196516,1.2398696320634648,-1.3803202780233577,0.8580676971410254
258,-0.0901790669455974,-0.1398676637075643,-0.06491360384397968,-0.2551382661233123,-0.5025787146486848,-0.2556276872507429
259,-0.19051521009031255,-0.2340189433376944,0.1406325099037665,-0.9170983191051956,-0.3391896297446264,-0.06759258240824317
260,0.0921940345906602,-0.26676291049942885,0.5132824195547688,-0.11855931359337327,0.6239693041933891,-0.17555469279800018
261,-0.07270838049048618,-0.18058326256297064,0.326220215931827,-0.6984309724101353,0.3435758739049335,-0.6242287194198529
262,-0.10563808585585792,0.1887087109920903,-0.49691804936159767,0.1574647868972293,0.21130817494123455,0.07323093424230054
263,0.5058135857625853,-0.3918556513590895,-0.16688044130671276,-0.8848423835443975,-0.43700334580495126,-1.1371572555964964
264,-0.5209670824097614,-0.14303643560571383,-0.9893847639008355,-0.17103501030309662,0.31258728851094275,-0.40531502461687463
265,0.18210721499975147,0.3736842411215574,-0.3089724636445871,0.08556764402468547,-0.38201897262291956,-0.304154133465084
266,0.5330340992656402,0.4233815072042939,0.42837659028440833,-0.4640525097263012,0.18627308255510405,-0.1851341477289145
267,0.45178435139247186,0.8496125224676009,0.40701445285555465,0.7186793278601922,0.9691060562389209,0.9097825879814126
268,0.1473758259871478,0.34474602953463884,-0.37325421885671806,1.1212072801022295,-0.049792930590967774,0.6796324976797088
269,-0.05423586675705543,-0.6899303824788003,-0.47296262026828984,-0.9987849698842519,-0.49888224992144214,-1.3737923513638046
270,-0.2555170849162218,-0.27596855603670445,0.08501873260306136,-0.38291367177463925,-0.4843127924832302,0.563439874121289
271,-0.4103448488651952,0.6425637658023328,0.04322954920385519,1.1988096660730911,0.1554068319475528,0.8459716170122721
272,-0.51745409547603,0.3101022962281734,-1.0594342873586173,0.6764029396493656,-0.6637475462408848,-0.25590267852784776
273,-0.4966542505872139,-0.13903667564716132,-0.3679273243536523,-0.16497182679064115,-0.12353451080634265,-0.1225215786784624
274,-0.126012375348013,-0.6895776362535578,-0.03396806260639351,-0.7817872564578124,-0.5909738375237313,-1.2906832108655635
275,-0.007053033021189469,0.4177757700943713,-0.4866333816629026,0.7959773000375888,-0.6674333849662619,0.45195197852872504
276,-0.06531102946215842,-0.4797652183893671,-0.38123850029807715,-0.19653160572439593,0.8308443034885925,-0.5718793103204683
277,-0.7212693924658146,0.11140365366858292,-0.2377608102394569,-0.030937077180837894,-0.056686793287950565,-0.8546446449575618
278,-0.6016356327517272,0.8702658812748046,0.06999471849092098,1.1258121618978807,-0.3072988523992642,1.5980527037475598
279,-0.008293817850238971,0.07265348282499422,-0.4493595596915827,-0.8362811431961858,-0.7383487826680374,-0.6312984803339138
280,0.08843715837963385,-0.20191641772336988,0.38757919245874733,-0.3952173712881264,-0.3188366896743985,-0.3973894139697277
281,-0.5764909723301698,-0.5172495505149363,0.5426677019598679,-0.6229785292214642,0.09624653189852261,-0.44218918435212295
282,0.33890071901606683,0.12938977015435055,-0.32646981166524186,-0.04257714113672001,-0.35377361854401457,0.3827385041940524
283,0.06768601840350992,0.03221804141619527,-0.39257206093366165,-0.5481911036326544,-0.004038078414651619,0.24060473623912276
284,-0.7010702156702417,0.5764161475550339,-0.7750983333886974,0.7263288111401551,-0.415160567739006,-0.24945452155431336
285,-0.7964441724660472,0.7110361523211624,-0.3893450781096399,0.852991780908172,0.1964175651711656,1.2939756653492898
286,0.6789671020519666,0.18185393268051114,1.3541574826537381,-0.3096749792868293,1.5584586627080221,0.4374971258668787
287,0.9401669209287722,-0.11224908791440776,1.0659706815625594,0.39546182258508594,0.46083824959445163,0.20179193493479755
288,0.9164206141595032,1.0105838416098112,1.1445865951351926,0.24240301611627402,0.6758985912322525,0.7057563181316349
289,0.4664385300148599,0.07601082029075633,-0.33612807056342564,-0.023508834858449373,-0.12746946898261038,0.4405710454900284
290,0.07791473619838124,-0.2443678313963429,-0.32318636372376364,-1.1643273428480092,0.14126924182746584,-0.47741271741984403
291,0.08006804987694037,0.37953671120860244,0.014517811024845256,0.2229161192844202,0.4275355363173714,-0.7202702415513935
292,0.4214117992061445,-0.44328099637582363,-0.6480092496400265,-0.48334556649985727,0.6897403918851166,0.11015735553963546
293,0.1390678419217839,-0.3755893599968812,0.6816116933091667,-0.8767971084811992,0.04903670483593092,-0.4049224450465263
294,-0.4612660631193919,-0.6291846099207806,-0.9876535345451544,-0.430530039047732,-1.13580599060572,-0.3232672840013764
295,0.256620316379823,-1.2742411596651957,0.8321363559205017,-1.9911553488304086,0.7219615725987064,-1.1985239185120657
296,0.37429336823599096,-0.12070068250882987,-0.31783578849292254,-0.5536928027478512,0.2294974524466947,-0.6913923314395282
297,-0.09786787059539724,-0.9277907621524558,0.01235746469739106,-0.7022887810724522,0.12197737369662956,-1.3977147878490634
298,-0.4854425609929007,0.2738429208695383,0.36790262515787214,0.6981576308464776,-0.6489359239679262,-0.35948143667748234
299,0.6914636041376407,0.8288263755362281,1.5410749760474223,0.567217266320972,1.6603481876643282,0.6189230944852862
300,-0.12555045060256695,0.13299964901816863,-0.13240873710711556,-0.15795732463829054,-0.05861136369482521,-1.4544845243701119
301,-0.059224572885907094,-0.1487125436107004,0.21017772659612688,-0.16563444693288298,0.27123226661715644,0.42050521806600605
302,-0.2797802003181715,0.09709577288346033,-0.6700246595038556,0.5547666923190686,-0.6498865974119791,0.4646431355714823
303,-0.0019740615844814164,0.36654161307572614,0.12138187940438004,0.2175947786868068,-0.034837103243348114,0.9963014825725158
304,-0.833879136359491,0.4505484172773257,-0.9282702138105462,0.4227303273581793,-1.8601610856863475,1.42784618686758
305,-0.3556685554030966,0.06035249928024284,-1.2233047624507063,0.6821572046036869,-1.0108325791095076,0.9045992751479628
306,0.20797298805924316,-0.5663059026393081,0.015267602991589552,-0.5258789478614841,-0.12157067010086592,-0.42360130851008004
307,-0.08408596910818474,-0.25213074875611524,-0.28892939912842125,-0.5491223809986034,-0.6310923730373947,0.27930917250836096
308,0.012673965878960126,0.03880506408697873,-0.10004715950863168,0.8846127357975486,-0.12933353681712975,0.6698576737705433
309,-0.3324420751384319,0.0711005415649029,-1.5190815924010956,0.46996985748180586,-0.5714598213621922,0.35286576733573827
310,0.17230530600254085,0.5078271064651596,-0.6829885706244212,1.3179440308731787,0.4045426738033473,1.3594176109184544
311,-0.11495874294378436,-0.15635643132295787,0.83889762947405,0.02365783471493685,0.8252243025824421,-0.06606515445056273
312,-0.3112090571657444,0.684529608557773,-0.09526734709848281,0.6035547512535416,0.4341937901638519,0.7038990947218734
313,0.2750180979594786,-0.0049271204709240134,-0.000355666423579426,-0.5326690884885966,-0.5129532777391226,-0.4053859869441324
314,-0.4647164430662433,-0.3376754336704007,-1.6471546513391946,0.5765746487063863,-1.3406156117573698,-1.242107300964683
315,-0.14753664580198983,0.09300032098380927,-0.13793122925099982,-0.009512968118254389,-0.6818461148434858,-0.9051623097849999
316,-0.3142251853132152,0.40026100469547105,-0.4967265293342934,0.9432802431184519,-1.286336631183476,0.5238896031096291
317,0.9668577985837176,1.0429601640382218,0.1448819178418983,0.33843287020219337,0.36557276060358557,0.14650266495924713
318,-0.7981229500644538,-0.021668360926188426,-0.24709746737451888,0.27947518871277105,-0.08568930550825177,0.29782168013663074
319,0.3163682060551094,0.4616819154364941,-0.18801531777035096,1.1457620293141029,-1.0273402736295956,0.4783287780901604
320,-0.5482104717591245,-0.07927305581179027,-1.4348489447235098,0.42262361891424166,-1.3043505546091159,0.5240366667845882
321,0.11888349225599425,-0.9208511744416218,-0.228390920730544,-0.6281622132741154,0.27467219116772706,-0.9581240527842092
322,-0.7085508323553357,0.2205892785857282,-0.5997579100704473,0.5576173814393588,-1.1780352438620407,0.6911815263170118
323,-0.3669593727827841,-0.08834929580029278,-0.3066338382098172,0.13811918721010752,-0.07433689754316675,0.615997275766309
324,-0.4258536265996229,0.12227014005195236,0.1060289736456923,-0.43412692244838946,-0.19972467491853943,-0.2583999068999745
325,0.253959192568127,0.08016510182165794,0.24738120593919666,-0.3667127242546834,-0.031951023863222405,-0.5217464558579221
326,-0.7120199485181711,-0.05316876663397991,-0.19148026964515008,0.42192826771839714,-0.694983585473029,0.23531264847287114
327,-0.404543321865714,-0.1590442596667806,-0.13333502892695298,-0.6644478663508995,-0.0602414390080436,-0.7726204118048027
328,0.5975011547697062,0.5089152783546496,0.35317069591404693,0.9570106757385355,0.27150027087092554,0.8878373662784326
329,1.3308694458190657,-0.8605732914535682,1.938552222688453,-1.2518388117106445,0.8906059553985517,-0.8469201254125034
330,-0.7926917021453584,-0.7596549486866451,-1.0311071170209773,-0.7837573244026634,-1.2456944047174983,-1.624087292780131
331,0.03457686088537648,-0.2272743663294145,0.17586418912939653,-0.5546020649031027,0.12199077734023099,0.0742168785215781
332,-0.4924550493017936,0.47125161653101205,-1.0126847749557863,-0.12738437109855888,-0.03144834947242625,-0.04931231226671118
333,0.05531155427053075,0.11868138874337465,-0.9204105229607511,0.12809334633382477,0.22320998082231347,0.35543156676601095
334,-0.4916769487887359,0.2241794304676759,-0.5457530068882703,0.16014488753915265,0.5851980529717302,0.47771284373019646
335,0.08742456727698111,0.15645090349390078,0.22799505609099252,0.41556967333271727,0.026502116088238215,1.2840233464796094
336,0.2102510734728815,-0.36755107697190087,-0.338465646547511,-0.5354264070331212,0.3002467029570134,-1.2167720404339601
337,0.8169043413263087,-0.34631864770655274,0.7619367285021692,1.5260741496778996,0.7530129024923462,1.2399279778050274
338,0.0222682565295013,0.6483060772727088,0.06289542611533153,0.15502525564296588,-0.08884355620679696,0.39175329544718845
339,0.008607171040272444,0.30229970964694,-0.6006537393219243,2.0005732956989624,0.2417283858731239,1.5138100017405773
340,0.13575360370392173,-0.3032504986030434,-0.701168659276589,0.2942436135807997,0.5997371773909705,-0.2751665867687932
341,-0.4108042869126511,0.4805334249860976,-0.7910620796499594,0.3446613454935399,0.10569043430765679,-0.07333624753705376
342,-0.22680254451564644,-0.7903618536768723,0.7634636410162535,-0.771657884281416,-0.21306953856561234,-0.5024527398310614
343,-0.13263937179092203,-0.8040143738335266,-0.7544813669116858,-1.475201254990624,-0.8372165147939505,-1.3753963811113321
344,-0.5062278399232778,0.2607153613315038,-1.2300640097237827,0.8314891923516583,-0.5870671556246987,0.861183004160927
345,-0.0378549470431206,0.46987871316706653,0.1606805992652147,0.3450879317340163,0.601030925439145,0.010302652284995495
346,0.7417302181040508,-0.7656629984345898,0.5546811429595288,-0.7218073104303158,0.3307519755820025,-0.06309438803548606
347,1.135578666470586,-0.05789799373805437,1.0643433710736352,0.5999840598643399,1.1642573937573553,1.0238917510535235
348,-0.2050097348050149,-0.06217977306661981,0.4126538903388249,0.12160119648152945,0.5097760119331229,0.01364336008239607
349,-0.6355611291983678,0.5903094580007748,-0.20506667346143004,0.24733409965997488,-0.648763747292893,0.36422991650872844
350,-0.5909311794812455,-0.14302860172310577,-1.1522108542504519,-0.19861718703284464,-1.899751536707107,-0.10514910643685262
351,-0.5468062454727783,-0.34488989847612267,-1.4724415017478172,0.552535029516031,-2.0202949207907466,0.9081395551147824
352,0.024822105066029495,0.5868282822728461,0.2568930508476958,0.0903948412435503,-1.0418068622166636,0.3167276241226966
353,0.018445441980944006,-0.08236665755787885,-0.7421614613778462,-0.7060042839362755,-0.6286974897445694,-0.9273999953178065
354,0.3730840858289068,-0.09752718686021947,-0.08804962714720227,-0.5022872663206622,0.31226504525839316,-0.30030858999064036
355,-0.7015026356146483,0.06331076045638283,0.025153730089987225,-0.22728436499120108,-0.9480066346325626,-0.31901333598310394
356,0.41681536172977557,-1.2945775320351773,0.5045820381671271,-1.2444705226041206,-0.08082465284426699,-1.2320864420691828
357,-0.37347811971237177,-0.5393303420259327,-0.45123923546676886,-0.16517094755992323,0.2066844548028295,0.23109495427365662
358,-0.2761863944407028,-0.26832602960615376,-0.406908522114513,-0.1711261626339251,-0.48753555549489624,-0.5363435247910869
359,0.5895698236291279,0.15977841478337565,1.1280826197520741,0.4361914098253421,1.0644502837854446,0.654250292258254
360,0.35963989789087475,0.15352902371279062,-0.28874885138487755,0.6157108857783125,-0.9964183353689504,0.15772624873181126
361,-0.1275526987799012,-0.040579446173136594,-0.40297199963420727,-1.0593007011918447,-0.9180499845914709,-0.5480961038088793
362,0.7869395913344497,0.23502983333163618,0.7855142326664803,-1.8301042261086802,1.0132224986869134,-1.230214733752991
363,-0.2786436356198229,-0.1773861541413688,-0.39750385746450845,-0.33114890010938863,-0.345711800459382,-0.7273637920473386
364,-0.3552855425040093,0.6559117505956455,0.44071289943940445,0.38807683868476744,-0.18172605397493763,-0.19591975807516537
365,-0.34044308237353005,-0.17580343675858517,0.029936233944277302,-0.7940288930810704,0.2101153671588116,-0.44088418612051195
366,-0.2982326742314748,0.5151810188914678,-0.2153070311058446,0.8260824038626666,0.36579461892885734,0.8065832607438573
367,-0.2370623140189474,-0.041696594147156985,-0.02971137681518707,-0.11061517675552517,0.2929378642575361,-0.08240962955743605
368,-0.685356948372449,0.3880414123495966,-0.5620865981737964,-0.3443687088059412,-0.7984511645267929,0.2918734268035453
369,0.06657569384098312,0.41415145360841144,-0.47095851493517443,0.7567311989823438,-0.7756163560122633,1.5893781932429052
370,-0.8049418345641994,-0.13928131304220578,-0.5290159434578603,-0.03224945995953321,-0.9669866281433606,0.5098944113295215
371,-0.05756615527174269,0.6114533917510464,-0.4813516972160051,0.31083780849020415,-0.6336046529362924,0.9719827299442789
372,-0.3705987973921982,0.7029931904851742,-0.06094970146288209,0.8291991350247141,-0.12947760483983625,0.6151734267679825
373,0.22776777344315746,-0.4228725542179906,0.28017934183537974,-0.23148550973712906,0.6786499558051186,0.08387451079071062
374,-0.38828303176761975,-1.9099290020997475,-0.9121218972318257,-1.4993705006180005,-0.8056813551011038,-2.3076069926442213
375,0.5593610710757424,0.306047736961713,-0.06927953300847045,0.7020770684992923,0.1994862377058835,0.26343123039708105
376,-0.11819732488157753,0.3062338200386594,0.13280226331118694,-0.06974213150353481,0.3256265143952789,-0.43634426345189753
377,0.05254297246300543,-0.06808090251980045,0.4235226146166249,-0.30532607630955827,-0.31139150940349064,-0.20693275711230744
378,-0.4991532283582393,-0.9761171441125865,-0.4924535116022162,-1.8742334257265612,-0.8937106108024265,-0.8808464600079677
379,0.3201000733361132,0.06437860985025005,-0.5037266940854093,1.010593866336343,0.2675366092011028,2.136502093725914
380,0.10697502703824911,-0.5483188169183573,0.4433811238310647,-0.1084595458850452,0.9796756810368008,-0.8757764400682878
381,-0.2379521761378878,0.7825233081318343,0.03219367146764321,0.47422032649592294,-0.8388877380319688,1.2108313862203532
382,0.5575102826495448,-0.07884800221315663,0.7444106653155093,0.43450172200894904,0.6949189448817163,0.41291355792475776
383,-0.47603543815363236,-0.13536886817564026,-0.7771288923429565,0.005995015817596122,-0.633479889957434,-0.5650898144884653
384,0.2454912497762505,0.5101811701664832,1.0274374203589165,-0.3574369141606324,0.4620027760540571,-0.37573654084759667
385,0.5675255819021544,0.2620116335498372,1.4293247807025269,0.4425581557642253,0.9544327639617305,0.7328130986956204
386,-0.3289538015452601,-0.5700181390753439,-0.6400801143041399,-2.0498334516423142,-1.4836205259432067,-1.0491278879827437
387,0.49019100774921387,-0.35574711039501233,0.6993887388266744,0.1784893820970776,1.4665512983333349,0.4757840805027009
388,0.23258336175516073,-0.06121938831302943,-0.030954116780173152,-1.3070036152107962,0.4566679958428724,-1.2859245400067438
389,0.2476376974162794,0.23094164373606416,0.4349142433620837,-0.5020568522182264,0.49649974523030915,-0.44267410884020125
390,0.6778007829494755,-0.8218718714215196,0.25893186468601936,-0.8059554480714028,0.87876744584068,-0.6719516901609757
391,0.5576699120085806,0.7301132486712301,1.0737015245223547,0.8716222718715532,1.4250336968414268,1.0054370643903325
392,0.36913590924644274,-0.756557352000618,0.22366874525783706,-1.0518220154689448,1.0225998646218168,-0.6889891292542035
393,0.40287337469696016,-0.5818140128482273,1.0365995743655199,-0.737708232982151,-0.4395925889655412,-2.003929384452655
394,0.6926032172470085,0.8348979978943123,0.4811685407298697,0.42640671254925844,0.9167909777203149,0.7228075178238714
395,-0.6026170488963465,0.22225217448696044,-0.10174751659165415,0.16590583532154518,-1.1955315781311322,0.7531094504010115
396,0.00601522851186095,-0.31613225090600316,0.6399567067557808,-1.241372469725459,0.33134955279708056,-0.6178127212514022
397,-0.8828411108639626,-0.8468924757540238,-1.9672809621472909,-0.29562812739989774,-2.265749065306488,-0.5516264301087036
398,0.7397364345888844,0.7615311628216351,0.5325415373624269,1.0439168037982003,0.7302734115401013,1.2047424596017544
399,0.6462823160766524,-0.20615953598585804,-0.06096544152462846,-0.3772343353465865,1.3544766974906275,-0.6191485967790578
400,0.056396926319754584,0.36407870116110286,-0.1491248750781311,-0.15769234649756414,0.5379662470590415,-0.09343739077724031
401,0.8148854781283914,0.3097351574926817,1.0249214267550244,0.08928147688772961,0.8587308102838829,-0.016566418728407056
402,0.014720885034148291,-0.2773544767321631,-0.6369323105481631,-1.6281843837470116,0.5871800781390104,-0.46334692368437136
403,-0.3339729931137989,-0.8258804172843442,0.00661814848863862,-2.0784800510906245,0.35550154722771105,-1.9318501992445605
404,0.815399789521222,-0.6045074827338704,0.763844393555859,-0.7681299911597183,1.76147954099441,-0.8997806199306689
405,-0.7378921348661792,0.06823379548113355,-0.5920102609644904,-0.04299065892593404,-0.19248681160417647,-0.5866253969899646
406,0.43695407461683594,0.11755873021662791,0.4651292552603442,0.27943420437286637,0.3489279014963978,-0.1844244633631817
407,-0.3995915592808607,-0.07580100318987706,-0.04440521766923372,-0.09061214242581292,0.4715507063234297,-0.12662899945538636
408,-0.272992084347333,0.8108431389810251,-0.4782048354909921,1.4541033617717418,-0.11894641429100028,1.210636932664229
409,-0.35945999560188047,0.567066315088357,0.019389370025834074,0.13769143540512851,-0.3975810826240159,-0.08559141300356904
410,-0.38377061559763387,-0.2835939763928343,0.7635271999003574,0.668790069021518,0.2142234162101262,-0.195348309267839
411,0.7354954396187434,0.4313599966847817,0.7395167883676319,1.690522746454327,1.0582360789125422,1.3633385104143017
412,-0.3618419876327738,0.43836910653009237,-0.7850396338377452,0.8935627558534096,-0.6171858420270677,1.4781598209134343
413,-0.19130353646990503,-0.4153062963667522,0.2379618292964836,-0.8876622512397911,-0.1908852086397274,-1.2214117707817045
414,-0.86295050229271,0.06203344320830293,-0.8825683732278904,0.5290653524330472,-0.2992992524484639,0.0696721184878156
415,0.11578839805766024,-0.7360336265926983,-0.6887212461951278,-1.1153520892831803,0.18025142623418033,-0.7575198675900039
416,-0.9286062505156218,0.9821620232795746,-0.7084723726083137,1.3277675129053073,-0.8106049594769319,0.86048119307593
417,-0.3925319416186532,-0.2849976746323275,-0.48614465090956555,-0.244616216795541,0.04649986039508691,-0.10592996272144314
418,0.17208048280773863,-0.28346610094617075,-0.47324272901798864,-0.7300653217703866,-0.21672632683795173,-1.0127859870609688
419,0.2421232785467865,-0.053664774160830375,0.13530836481928968,1.0910444448877445,0.36712945799620433,-0.4451598668548522
420,0.34155255781080773,0.19563561232626467,0.0578980083839532,0.5128086478317322,0.8599470926751659,1.8433105117033612
421,-0.6922418331298562,-0.17566986715638966,-1.1987144598069674,-0.008036476936585019,-1.3482597548218485,0.2490088512903143
422,0.7550285238000787,0.6286003289016765,1.062090195055645,1.0107161346253513,1.2311497000679643,0.17905635742065806
423,0.5609616231594008,-0.28518777882123836,0.11059281764348738,-1.0923684613221893,0.38850044445888354,-1.033690572507909
424,-0.4731581982389101,-0.4734586681750187,-0.7111228043178848,-1.4477448170993326,-0.8261860528073041,-1.532161597105909
425,-0.06627231885273956,0.1489969915716604,0.9098406098114408,-0.1466302818965125,0.21864545696874466,-0.19485253749366907
426,0.2671653557636437,-0.549286091517407,0.6401302836340425,-1.0311829198100635,0.47272742651033955,-1.074377872269149
427,-0.555495405627545,0.35747707640109716,-0.880090381395024,-0.4214288204567401,-0.7324804636362696,0.6048259245222385
428,-0.021545174753380598,-0.10202813423961973,0.008248379497072252,-0.08541472213578746,0.9672202447251061,-0.38856037189064874
429,0.22355191049328652,-0.035691698753426135,0.5436550204939605,0.1669993951439298,0.37192725668257554,-0.41175275318412646
430,-0.19973390417899134,1.1838034026669666,-0.19168120070481026,-0.03476735045468082,-0.48541221112837446,1.5025482046550434
431,0.9838427992050763,-0.47957543499308924,0.8798152391774993,-0.6142362698428467,0.12445026791185021,-1.0918652165979617
432,0.5330491817691843,0.18035046971074808,0.3805121425885706,-0.36865069024734165,0.6907838962898782,-0.3778460741111017
433,-0.36319976642593194,1.5803133455252238,-0.13094408155646023,2.025558811048304,0.1622392893733164,2.200147957921134
434,0.608133650430152,-0.5804831602448215,0.28920348607227636,-0.6422697765191334,0.7927540420211399,-0.6551380123763813
435,0.1834702845748077,0.6912681204081984,-0.9463959151500019,0.3202415015614403,-1.1427670015359985,0.93750788829042
436,0.10189743352100149,0.27622832059872277,-0.16749982058837937,-0.07660714730796137,0.06344668554442895,-0.5903521261374709
437,-0.18577276214109473,-0.1838658151480583,0.7915336003490885,-0.062110539610712945,0.48044770614136295,-0.42190932012905846
438,-0.04039306221617558,-0.1496313264847297,0.3792017360211747,0.13486156755418371,-0.3685215957123984,-1.0284641282121774
439,0.822517687968227,-0.0728700000236961,2.1732153411983557,0.04575669765859429,2.2912092577787684,-0.6020349370145278
440,-0.4945086725836149,-0.053683716330978584,-0.7314551607136284,0.4057992253942924,-0.7345463537830398,0.7337152536126521
441,0.602925481949175,-0.22415804781229395,0.2598594755220811,-0.2820599454573173,1.3663149115528417,0.4706307641598237
442,0.7765274157219056,-0.3186505011572643,0.554148203416552,-0.6480379510275309,1.090658582336797,0.34409561886209705
443,0.7769240161427838,0.12260551808930233,1.1540490082082955,-0.42110538676879883,1.3179969848530086,-0.5951960928127961
444,-0.4275177377572206,-0.2926415567928763,-0.6540584956586972,-0.9920602961666444,-0.041732848418636614,-0.569878644705673
445,-0.5502759486540797,-0.6039692543841921,-1.339157339471904,-1.3277551131030025,-0.8371808872100215,-1.3852203944007775
446,-0.4289385554847912,-0.6301575278850085,-0.6805933581856117,-0.8869880269576337,0.3135959757181609,-0.8312650319466094
447,0.5421584290181225,0.7687949859958172,0.852385189577752,0.34564287432233337,0.8929253944376967,1.0835310495620898
448,0.03329176284447369,-0.568341292728822,-0.17786214772694398,-0.3034360992026805,0.5352846549060956,-0.3765512126456017
449,-0.06227098362952105,-0.11497686934498944,-0.21797330486229383,-0.5805425217592423,-0.44364493178474806,-0.06310394334132746
450,-0.5997666364098612,-0.7298709530299601,-0.1520618225508648,-0.3795677109934914,-0.4667841483232732,-0.5558004603358581
451,0.6657525956832273,0.28570012174859605,1.0645193987701727,1.6466850764195402,0.9904613075991195,0.6574185800864926
452,-0.03540105660640824,0.12658452597814937,-0.5559457357136434,0.23576022023263146,-0.7799336916882317,0.2456533770486563
453,0.5958893406369624,-1.456251893109186,0.10357421343815332,-1.411468080036135,1.378711337223755,-2.2304234999400965
454,0.44222407705541256,0.25593722953617465,0.19310133053445522,0.30667989193715683,-0.1830528339631875,-0.251919360081156
455,0.341390449790999,0.547537354945366,0.27466658905931235,0.2645930383575706,0.08191219214907308,0.9316761960032893
456,-0.03025222491269021,0.6293596542784868,-0.44320986296984033,0.469925365146472,-0.564032062222384,0.18988489005981385
457,0.10334980499366712,-1.1651721812861844,0.11407331547993949,-0.8591500143838589,0.3934194382535784,-1.5230705367385757
458,0.4492634904341093,-0.5044775011782813,-0.22682544090330936,-0.5632469851530578,1.183605206241794,-0.4494072841476805
459,1.0164219165352326,0.6170651516313284,1.48418788531258,0.2556989553237756,0.929135825330479,1.0697205448056748
460,0.6164333367032382,0.36846512793992003,0.6364460970543541,-0.01715949726366972,0.5604659544834585,-0.3706032003006692
461,-0.5771011061396659,0.09869132977093206,-0.4027471797333302,0.36042132774201796,0.5372512340896609,0.8905209337790344
462,0.2946833399459466,0.263160231239773,-0.243780467873924,0.022617146302177232,-0.11974122488464803,0.6158692847182633
463,0.3118520002162986,-0.10747173558145363,0.2016664507590316,1.155951014075885,-0.633985371548258,0.38515755316628675
464,0.12583094356574515,-0.11101301123747197,-0.22719947425861786,-0.2681859757866654,-0.6134606279366093,-0.4859329406196379
465,-0.2416879227108305,0.2617693550654439,-1.0927257911451784,0.8946789208554573,-0.15082581092856218,0.09644868931436645
466,-0.6614302445418379,-0.06467238022410027,-0.49078528056135684,0.14140039070618118,-0.5869263311881755,-1.1466348292505575
467,-0.43523304300209475,-0.012746987141313169,0.2707338408437219,-0.8508544429667612,-0.45004129364469364,0.06999243433494085
468,-0.598714892954534,-0.3534979299464646,-0.18450812921176174,0.4055310539370068,0.1819074492561482,0.5211223138983503
469,0.09141106187187746,-0.3338360339856303,-0.9796957374997438,-0.49870471121680876,-0.23786326690345685,-1.0244632030373793
470,-0.6773398154174656,-0.6061431319486756,-0.7477589378589635,-1.1429885017156725,-0.19238276236208451,-0.2262116357471219
471,-0.11787093714765288,-0.41011154477533995,0.17110770814348963,-0.4264947424767542,0.2404790973606091,-0.09443357446974315
472,0.29183469336164075,0.7509789950965212,-0.16010149866292434,-0.2623002403815332,-0.22597140379506778,-0.13926776984764372
473,0.11712397286624782,-0.11021419552883101,0.6725692514834356,0.20072861688381388,0.3227275941617563,-0.2880397295656955
474,-0.15211281458469972,0.4664778839851488,0.17003042438251947,0.052519449464939305,-0.4847950667563587,0.2779852025192412
475,-0.21175176149543373,-0.17626844945785852,0.70785041213385,0.20335068485953778,0.022377606311929976,0.19083522464060104
476,1.2856434057223913,-0.4606564272839506,1.1107796293051666,0.0195627051238334,2.0581299693016613,-0.15764737615861218
477,-0.027020751184509764,0.25487489295969773,-0.6738664566090412,-0.4142804628699244,-0.07291527663032321,-0.4763193777705344
478,-0.4201248436394331,0.8145210023396009,-0.2016231636378467,0.5034981333896875,-0.6461915384815757,0.7653773816364452
479,0.5858548538258226,0.34225392148126166,0.10090832847394021,0.27529079135381274,0.3488009999369089,-0.1792303245832395
480,-0.17816847851167525,-0.46296234026192074,-0.7829690664691367,-0.8102915306237958,-1.052176626861535,-2.4938625416111493
481,0.24100412190375498,0.13107753586689366,0.2696364447144986,-0.6003536638646679,0.44969622328460457,-0.6262564330046547
482,-0.6357508771388702,0.5566229168808067,-0.2686395974231047,0.6093555264472268,-0.9938385438274864,1.1591771422013384
483,0.10185043607707242,0.11361820316566024,0.09120242747190505,1.353423102738173,-0.08190635969674416,0.9754479917326891
484,-0.256367276274073,1.2402397338809752,-0.02699620890414836,1.8181858187771358,-1.1110748355668356,0.9593725018437715
485,-0.1818470120991078,-0.410312537249528,-0.02033947451740617,-1.8511245143477433,-0.35772670194425665,-0.6647710970120471
486,-0.04961155808458177,-0.16652408392455373,0.23718998731530871,0.34163812359308854,-0.28520996611510996,0.6380556080455682
487,0.2638064256684138,-0.11953163789531525,0.04059625797193278,-0.26588328227825503,0.07351364303167451,-0.16582936211608826
488,0.611292319647312,0.1645472331256685,0.24523770024367048,-0.14294445770163067,0.18837523727845445,1.2108391961986673
489,-0.5730711413367777,-0.1731967442733675,0.8666989933513538,0.48526559726390495,-0.04677928372190154,1.0456121991751393
490,-0.12755856269662721,-0.6660314176917089,-0.5121478418686543,-0.9773744834986409,-0.03535488865785941,-1.1542592962054126
491,-0.8155165846985688,0.5543280511373375,0.03911644980226503,1.191467884004888,-0.09577819821803168,0.33019688164891925
492,0.46357084340927507,-0.48769788084505294,1.1625810351386874,0.22693029803107934,1.154043228352903,-0.5911030393309196
493,0.5029977319443137,0.09751688057625371,-0.02531007535104357,0.8289302007761188,0.4489069441343201,0.2681737350814376
494,-0.52019355816608,0.4311009630266687,-0.1833656273298483,-0.025305292162122794,-0.6740062882905127,1.0378118147837376
495,-0.22870650993631805,-0.6516423640944975,-1.0238153435515354,-0.2333999434994748,-0.9221124159522389,-0.07365531007289905
496,0.19670581746821036,0.8447382233569721,0.2555022874135175,1.0771613069754375,-0.25095038761565636,1.8281923598799716
497,0.07499015400381502,0.022255930879777328,-0.0014499709813004108,0.29701415031564765,0.37506062656312056,0.7059210080459941
498,0.24168355593403984,1.5204652759374542,-0.18325702628060186,1.59027989987558,0.41001888166046613,1.1776709392307163
499,-0.1485486925311868,-0.6989343356663525,0.45249053308067605,-1.5132884637953772,0.06391292402472906,-1.4638263230722264
